chain,wild-type,res-number,mutant,distance-to-interface,mcsm-ppi2-prediction,affinity
C,THR,244,ARG,3.234,-0.85,Decreasing
D,ILE,173,MET,3.533,-0.457,Decreasing
C,SER,246,THR,4.846,0.486,Increasing
C,GLU,409,PHE,4.313,-0.045,Decreasing
D,LEU,47,PRO,4.047,-1.462,Decreasing
C,TRP,16,ALA,4.06,-0.871,Decreasing
D,ASN,167,ILE,4.855,-0.157,Decreasing
D,THR,169,LYS,4.36,-0.313,Decreasing
C,PRO,76,ARG,3.522,-0.037,Decreasing
D,ILE,190,HIS,3.852,-0.539,Decreasing
D,ILE,196,THR,3.388,-1.308,Decreasing
C,VAL,6,ARG,3.691,0.09,Increasing
C,TYR,27,ILE,3.153,-1.036,Decreasing
D,LYS,235,ARG,3.903,-0.132,Decreasing
D,GLN,303,PRO,3.15,-0.408,Decreasing
C,ASP,75,ILE,4.868,-0.136,Decreasing
D,PHE,103,GLU,3.443,-1.033,Decreasing
D,SER,242,GLY,4.758,-0.25,Decreasing
D,GLY,147,THR,4.616,-0.203,Decreasing
D,ILE,173,ASP,3.533,-0.549,Decreasing
C,GLU,29,HIS,2.535,-1.172,Decreasing
D,LEU,93,SER,2.631,-0.651,Decreasing
C,LEU,399,MET,3.323,-1.491,Decreasing
C,ALA,247,ILE,4.179,0.062,Increasing
C,GLU,403,ILE,2.903,-0.263,Decreasing
C,ARG,32,CYS,2.776,-1.769,Decreasing
D,TRP,298,ASP,3.49,-1.423,Decreasing
C,TRP,16,HIS,4.06,-0.93,Decreasing
C,LEU,9,PRO,3.357,-2.003,Decreasing
C,ASP,75,HIS,4.868,0.022,Increasing
D,ASP,166,ASN,2.626,-1.134,Decreasing
C,ALA,405,MET,2.837,0.064,Increasing
D,ILE,190,PRO,3.852,0.362,Increasing
D,ASP,99,CYS,3.755,-0.658,Decreasing
D,ILE,196,MET,3.388,-1.54,Decreasing
C,PRO,412,GLN,3.194,0.03,Increasing
C,GLU,30,LEU,4.199,-0.676,Decreasing
C,CYS,8,ASN,3.495,-0.043,Decreasing
D,GLN,303,ILE,3.15,-0.414,Decreasing
C,GLN,5,ALA,2.364,-0.669,Decreasing
D,GLU,177,GLY,2.776,-1.02,Decreasing
D,GLU,234,CYS,3.175,-0.689,Decreasing
C,LEU,33,PHE,2.215,0.385,Increasing
D,GLU,238,VAL,3.342,-0.332,Decreasing
D,TYR,85,ALA,3.281,-1.167,Decreasing
D,HIS,172,PRO,3.702,-0.377,Decreasing
C,LEU,399,ASP,3.323,-1.883,Decreasing
C,ASP,10,PHE,4.362,0.05,Increasing
C,VAL,6,ASP,3.691,-0.58,Decreasing
C,GLU,409,THR,4.313,-0.678,Decreasing
D,LEU,63,TYR,3.913,0.834,Increasing
D,HIS,172,GLY,3.702,-0.361,Decreasing
C,GLU,29,ARG,2.535,-1.93,Decreasing
D,TYR,164,MET,4.01,-1.08,Decreasing
D,VAL,20,SER,2.615,-0.711,Decreasing
D,THR,169,TYR,4.36,-0.172,Decreasing
D,ASP,166,GLY,2.626,-0.86,Decreasing
D,ASP,99,HIS,3.755,0.234,Increasing
D,ILE,196,PHE,3.388,0.386,Increasing
C,GLU,30,TRP,4.199,1.363,Increasing
C,HIS,13,THR,2.626,-0.953,Decreasing
C,CYS,8,GLN,3.495,-0.024,Decreasing
C,ARG,52,ASN,4.432,-0.473,Decreasing
D,GLU,238,GLN,3.342,-0.298,Decreasing
C,ASP,75,ALA,4.868,-0.683,Decreasing
D,ILE,66,GLY,3.715,-0.75,Decreasing
D,ILE,173,VAL,3.533,-0.064,Decreasing
D,ARG,176,ASP,3.78,-0.552,Decreasing
D,ASN,191,LEU,4.146,-0.483,Decreasing
D,LEU,93,GLU,2.631,-0.851,Decreasing
C,LEU,399,CYS,3.323,-1.607,Decreasing
C,SER,246,ILE,4.846,-0.205,Decreasing
D,THR,299,GLN,4.187,-0.445,Decreasing
D,LEU,63,PRO,3.913,-0.908,Decreasing
D,TYR,164,THR,4.01,-0.547,Decreasing
D,VAL,20,THR,2.615,-0.693,Decreasing
D,THR,169,PRO,4.36,-0.659,Decreasing
D,ILE,190,PHE,3.852,0.191,Increasing
D,ASP,99,GLN,3.755,-0.431,Decreasing
D,PHE,132,CYS,3.357,-1.223,Decreasing
D,GLN,231,ARG,4.53,0.02,Increasing
C,GLU,403,CYS,2.903,-0.831,Decreasing
C,PHE,243,ILE,3.431,-1.108,Decreasing
D,LYS,22,SER,2.837,-0.649,Decreasing
D,LYS,235,GLU,3.903,-0.559,Decreasing
C,LEU,33,THR,2.215,-0.498,Decreasing
D,GLN,56,ASN,2.364,0.441,Increasing
C,PRO,394,ARG,3.281,0.053,Increasing
C,THR,413,ASP,3.15,-0.335,Decreasing
D,ILE,66,ASN,3.715,-0.638,Decreasing
D,ASN,191,GLU,4.146,1.362,Increasing
D,SER,237,PRO,4.236,-0.508,Decreasing
D,ARG,267,GLN,1.196,-0.364,Decreasing
D,GLU,269,LEU,4.753,-0.584,Decreasing
D,LEU,92,TYR,3.719,1.013,Increasing
C,ALA,247,TRP,4.179,0.818,Increasing
C,HIS,396,ILE,3.368,-0.434,Decreasing
C,GLU,53,PRO,1.196,-0.214,Decreasing
D,ASP,99,VAL,3.755,-0.431,Decreasing
C,PRO,394,LYS,3.281,0.107,Increasing
D,GLU,177,CYS,2.776,-0.888,Decreasing
C,ARG,404,ILE,3.232,0.96,Increasing
C,GLU,30,TYR,4.199,0.506,Increasing
C,HIS,13,PHE,2.626,0.014,Increasing
D,LEU,33,GLN,3.866,-1.13,Decreasing
D,LYS,235,ASN,3.903,-0.148,Decreasing
D,LYS,302,THR,2.208,-0.869,Decreasing
D,GLN,56,GLY,2.364,-0.456,Decreasing
D,LYS,83,VAL,3.702,-0.622,Decreasing
D,TYR,32,GLN,3.746,-1.563,Decreasing
D,HIS,172,GLU,3.702,-0.367,Decreasing
C,LEU,411,TRP,2.208,0.021,Increasing
D,ARG,176,VAL,3.78,-0.548,Decreasing
D,SER,237,TYR,4.236,1.756,Increasing
C,LEU,399,GLN,3.323,-1.374,Decreasing
C,GLN,5,CYS,2.364,-0.625,Decreasing
D,THR,299,CYS,4.187,-0.443,Decreasing
C,GLY,398,GLU,4.348,-0.117,Decreasing
D,LEU,63,PHE,3.913,1.175,Increasing
D,ARG,267,VAL,1.196,-1.049,Decreasing
D,GLU,269,LYS,4.753,-0.805,Decreasing
D,LEU,92,PRO,3.719,-1.729,Decreasing
D,VAL,20,PHE,2.615,-0.243,Decreasing
D,ASP,166,ARG,2.626,-1.373,Decreasing
D,GLU,234,HIS,3.175,-0.126,Decreasing
C,PRO,394,THR,3.281,-0.11,Decreasing
C,ARG,404,ASN,3.232,-0.828,Decreasing
C,HIS,13,ILE,2.626,-0.578,Decreasing
C,GLY,398,CYS,4.348,-0.083,Decreasing
C,GLN,5,GLY,2.364,-0.724,Decreasing
D,ASP,178,GLN,3.153,-0.883,Decreasing
D,PHE,11,GLN,3.625,-1.146,Decreasing
D,TYR,32,ASN,3.746,-1.377,Decreasing
C,LEU,9,PHE,3.357,-0.257,Decreasing
D,HIS,172,LEU,3.702,-0.414,Decreasing
D,ARG,176,TYR,3.78,-0.401,Decreasing
D,ASN,191,SER,4.146,-0.369,Decreasing
C,ASP,10,PRO,4.362,-0.272,Decreasing
C,TYR,74,ARG,3.175,-1.715,Decreasing
D,PHE,268,VAL,2.937,-0.905,Decreasing
C,PRO,394,HIS,3.281,0.316,Increasing
C,GLU,53,PHE,1.196,0.196,Increasing
C,SER,18,VAL,4.258,1.113,Increasing
D,LYS,62,TYR,3.691,0.101,Increasing
D,MET,241,PHE,3.234,0.983,Increasing
D,LEU,194,GLN,3.335,-0.729,Decreasing
D,GLN,231,ILE,4.53,0.048,Increasing
D,PRO,174,HIS,4.06,-0.587,Decreasing
D,LYS,22,ASP,2.837,-0.978,Decreasing
D,GLY,159,ASN,4.292,-0.756,Decreasing
D,LYS,302,PHE,2.208,-0.613,Decreasing
D,ASP,178,HIS,3.153,0.104,Increasing
D,TYR,32,GLY,3.746,-1.848,Decreasing
C,LEU,411,GLU,2.208,-1.687,Decreasing
D,SER,237,GLY,4.236,-0.877,Decreasing
D,THR,299,MET,4.187,0.102,Increasing
D,ARG,267,ASP,1.196,0.286,Increasing
C,LEU,402,SER,2.615,-0.874,Decreasing
D,PHE,268,MET,2.937,-0.927,Decreasing
D,LEU,92,PHE,3.719,0.923,Increasing
D,LEU,100,PHE,3.712,0.899,Increasing
C,ASN,406,ARG,4.539,-0.489,Decreasing
D,GLU,177,THR,2.776,-1.001,Decreasing
D,MET,241,ILE,3.234,0.221,Increasing
D,GLN,231,ASN,4.53,-0.184,Decreasing
D,PRO,174,CYS,4.06,-0.31,Decreasing
C,CYS,8,ILE,3.495,0.167,Increasing
C,GLY,398,GLN,4.348,-0.158,Decreasing
D,LYS,302,ILE,2.208,-0.73,Decreasing
C,ILE,395,LEU,3.386,-1.011,Decreasing
C,TYR,74,PRO,3.175,-2.77,Decreasing
D,ASP,178,CYS,3.153,-0.772,Decreasing
D,PHE,11,CYS,3.625,-1.283,Decreasing
D,LEU,19,CYS,3.323,-1.286,Decreasing
D,LEU,33,GLY,3.866,-1.659,Decreasing
D,LEU,266,MET,4.439,-0.134,Decreasing
D,TYR,59,GLN,3.226,-1.429,Decreasing
C,PHE,242,LYS,4.094,-0.977,Decreasing
D,ALA,306,MET,4.046,-0.088,Decreasing
C,ARG,245,LEU,3.479,-0.595,Decreasing
D,SER,242,VAL,4.758,-0.257,Decreasing
D,PHE,268,ASP,2.937,-0.813,Decreasing
C,ASP,11,TYR,4.799,0.259,Increasing
D,ARG,201,MET,2.535,-1.046,Decreasing
D,MET,241,PRO,3.234,-1.238,Decreasing
C,ALA,405,ILE,2.837,0.373,Increasing
C,MET,407,TRP,2.631,0.108,Increasing
D,PRO,95,THR,3.43,-0.872,Decreasing
C,ILE,395,PHE,3.386,0.031,Increasing
C,ILE,395,GLU,3.386,-1.514,Decreasing
D,PHE,11,ASP,3.625,-1.517,Decreasing
C,PHE,243,ASN,3.431,-0.868,Decreasing
D,LEU,19,HIS,3.323,-0.894,Decreasing
D,LEU,266,ASP,4.439,-0.589,Decreasing
D,TYR,59,HIS,3.226,-0.504,Decreasing
C,PHE,242,PRO,4.094,-1.935,Decreasing
C,HIS,396,ARG,3.368,-0.337,Decreasing
D,ARG,168,GLU,4.573,0.313,Increasing
D,ILE,146,HIS,3.287,-0.408,Decreasing
C,ARG,245,LYS,3.479,0.482,Increasing
C,SER,18,GLY,4.258,-0.642,Decreasing
D,PHE,268,CYS,2.937,-0.683,Decreasing
C,ASP,11,PRO,4.799,-0.348,Decreasing
D,LEU,100,THR,3.712,-0.95,Decreasing
C,PHE,408,THR,2.899,-1.19,Decreasing
C,SER,28,ASN,3.773,0.718,Increasing
C,GLU,36,ALA,4.384,-1.019,Decreasing
C,PHE,243,PRO,3.431,-1.646,Decreasing
D,ARG,165,PHE,3.853,0.178,Increasing
C,MET,407,PRO,2.631,-2.25,Decreasing
D,ARG,201,ILE,2.535,-0.498,Decreasing
D,LYS,163,GLN,3.495,0.46,Increasing
D,LEU,194,PHE,3.335,0.076,Increasing
D,LEU,19,GLN,3.323,-1.155,Decreasing
D,LEU,266,CYS,4.439,-0.728,Decreasing
D,GLN,171,PRO,1.94,-0.635,Decreasing
D,TYR,59,CYS,3.226,-1.378,Decreasing
D,LYS,62,GLY,3.691,-0.615,Decreasing
C,PHE,242,TYR,4.094,0.959,Increasing
D,ILE,146,CYS,3.287,-0.705,Decreasing
C,ALA,405,GLU,2.837,0.138,Increasing
D,ALA,161,ASP,4.63,0.5,Increasing
C,ASP,11,TRP,4.799,0.385,Increasing
C,THR,413,TRP,3.15,0.096,Increasing
C,CYS,8,VAL,3.495,0.065,Increasing
D,CYS,150,PHE,3.194,0.209,Increasing
C,ASN,406,GLU,4.539,-0.768,Decreasing
C,TYR,74,ALA,3.175,-1.62,Decreasing
D,PRO,174,THR,4.06,-0.151,Decreasing
D,LEU,33,VAL,3.866,-1.363,Decreasing
D,ARG,165,ALA,3.853,-0.431,Decreasing
D,ARG,201,PHE,2.535,-0.313,Decreasing
C,ILE,395,SER,3.386,-0.846,Decreasing
C,VAL,14,ASN,2.896,-0.477,Decreasing
D,LEU,194,MET,3.335,-1.001,Decreasing
D,LEU,19,VAL,3.323,-0.451,Decreasing
C,GLU,29,LYS,2.535,-1.944,Decreasing
C,ASN,15,PHE,2.902,-0.169,Decreasing
D,GLY,94,ILE,4.163,-0.64,Decreasing
D,ARG,168,SER,4.573,-0.289,Decreasing
C,GLY,398,LEU,4.348,-0.09,Decreasing
D,ALA,161,MET,4.63,-0.054,Decreasing
C,ASP,11,ASN,4.799,0.187,Increasing
D,ARG,264,TRP,4.367,-0.054,Decreasing
D,SER,242,LEU,4.758,-0.217,Decreasing
C,ALA,247,PRO,4.179,-0.295,Decreasing
C,GLU,36,TRP,4.384,0.231,Increasing
D,ARG,165,HIS,3.853,-0.056,Decreasing
D,ARG,21,ASP,3.213,-1.021,Decreasing
C,VAL,14,GLY,2.896,-0.736,Decreasing
D,LEU,194,THR,3.335,-0.923,Decreasing
D,LEU,266,GLN,4.439,-0.482,Decreasing
D,GLN,171,PHE,1.94,-0.406,Decreasing
C,ASN,15,ALA,2.902,-0.545,Decreasing
D,GLY,94,ARG,4.163,-1.206,Decreasing
C,ASN,12,PHE,4.573,0.084,Increasing
C,ASP,10,HIS,4.362,0.023,Increasing
D,LEU,33,HIS,3.866,-0.431,Decreasing
D,ASN,167,VAL,4.855,-0.245,Decreasing
C,VAL,6,TYR,3.691,0.721,Increasing
C,ARG,17,PHE,1.94,-0.483,Decreasing
D,ALA,161,ARG,4.63,0.52,Increasing
C,ASP,11,GLU,4.799,0.935,Increasing
D,ARG,264,ASN,4.367,-0.412,Decreasing
C,GLU,53,SER,1.196,-0.278,Decreasing
C,PHE,408,LYS,2.899,-1.381,Decreasing
D,CYS,150,HIS,3.194,0.233,Increasing
D,GLU,42,THR,2.554,-0.914,Decreasing
D,ARG,165,SER,3.853,0.127,Increasing
D,LYS,62,THR,3.691,-0.572,Decreasing
D,TYR,175,ALA,3.049,-1.463,Decreasing
D,ARG,21,CYS,3.213,-1.053,Decreasing
C,TYR,410,LEU,2.554,-1.27,Decreasing
D,GLN,171,MET,1.94,-0.59,Decreasing
C,ASN,15,HIS,2.902,-0.075,Decreasing
C,LEU,402,GLU,2.615,-1.643,Decreasing
D,LEU,47,ASP,4.047,-1.223,Decreasing
C,GLU,29,VAL,2.535,-1.459,Decreasing
C,CYS,8,TYR,3.495,0.407,Increasing
D,ILE,146,THR,3.287,-0.601,Decreasing
C,LEU,402,HIS,2.615,-0.54,Decreasing
C,ALA,405,LYS,2.837,0.03,Increasing
D,ARG,264,GLU,4.367,-0.702,Decreasing
D,SER,237,ILE,4.236,0.037,Increasing
C,LEU,9,VAL,3.357,-1.059,Decreasing
D,CYS,150,GLN,3.194,0.053,Increasing
D,PHE,103,GLN,3.443,-0.917,Decreasing
D,GLY,147,HIS,4.616,0.014,Increasing
C,THR,244,GLY,3.234,-0.962,Decreasing
C,MET,407,ARG,2.631,0.467,Increasing
C,ASN,15,SER,2.902,-0.215,Decreasing
C,ARG,32,TRP,2.776,-0.232,Decreasing
C,ASN,12,PRO,4.573,-0.287,Decreasing
D,ASN,167,ASP,4.855,0.005,Increasing
C,PRO,76,GLY,3.522,-0.822,Decreasing
C,ARG,17,THR,1.94,-0.663,Decreasing
D,ILE,196,TYR,3.388,1.209,Increasing
C,PRO,412,GLU,3.194,0.079,Increasing
C,TYR,27,THR,3.153,-0.858,Decreasing
C,LEU,9,ILE,3.357,-1.022,Decreasing
D,PHE,103,HIS,3.443,-0.866,Decreasing
D,GLU,42,PHE,2.554,-0.14,Decreasing
D,SER,242,PRO,4.758,-0.252,Decreasing
D,GLY,147,ALA,4.616,-0.285,Decreasing
C,THR,244,LEU,3.234,-0.572,Decreasing
D,ILE,173,LYS,3.533,0.339,Increasing
D,ARG,21,GLN,3.213,-0.75,Decreasing
C,VAL,14,ARG,2.896,-0.411,Decreasing
C,ARG,32,LEU,2.776,-1.649,Decreasing
C,ASP,75,SER,4.868,-0.663,Decreasing
D,LEU,47,VAL,4.047,-0.392,Decreasing
D,TRP,298,SER,3.49,-1.38,Decreasing
C,ASN,12,TYR,4.573,0.016,Increasing
D,ASN,167,CYS,4.855,-0.382,Decreasing
D,THR,169,MET,4.36,-0.589,Decreasing
C,PRO,76,HIS,3.522,-0.482,Decreasing
C,ARG,17,SER,1.94,-0.751,Decreasing
D,ILE,196,ARG,3.388,-0.733,Decreasing
C,PRO,412,LEU,3.194,-0.532,Decreasing
D,PHE,103,CYS,3.443,-0.952,Decreasing
D,GLU,234,VAL,3.175,-0.273,Decreasing
C,LEU,33,ILE,2.215,-0.329,Decreasing
D,TYR,175,VAL,3.049,-1.544,Decreasing
D,LYS,163,VAL,3.495,-1.033,Decreasing
D,LEU,93,TYR,2.631,0.209,Increasing
C,ALA,247,ASN,4.179,0.445,Increasing
C,GLU,409,ALA,4.313,-0.941,Decreasing
C,ARG,32,GLU,2.776,-2.108,Decreasing
D,LEU,47,GLN,4.047,-0.843,Decreasing
C,ASP,10,VAL,4.362,-0.258,Decreasing
D,THR,169,ASP,4.36,-0.476,Decreasing
C,PRO,76,GLN,3.522,-0.109,Decreasing
C,SER,18,MET,4.258,-0.433,Decreasing
D,ILE,196,LYS,3.388,-0.321,Decreasing
C,PRO,412,LYS,3.194,-0.218,Decreasing
C,TYR,27,PHE,3.153,-0.682,Decreasing
D,LYS,235,GLN,3.903,-0.164,Decreasing
D,GLN,303,TRP,3.15,-0.054,Decreasing
D,SER,242,PHE,4.758,-0.214,Decreasing
C,ARG,52,SER,4.432,-0.781,Decreasing
D,GLY,147,SER,4.616,-0.129,Decreasing
D,TYR,85,GLY,3.281,-1.175,Decreasing
D,ILE,173,GLU,3.533,-0.379,Decreasing
D,ILE,23,HIS,3.877,-0.878,Decreasing
D,LEU,93,ARG,2.631,-0.68,Decreasing
C,LEU,399,ASN,3.323,-1.372,Decreasing
C,GLU,409,ASN,4.313,-0.96,Decreasing
D,TRP,298,GLU,3.49,-1.418,Decreasing
C,TRP,16,ILE,4.06,-0.903,Decreasing
D,TYR,164,CYS,4.01,-0.701,Decreasing
C,GLY,398,SER,4.348,-0.073,Decreasing
D,THR,169,CYS,4.36,-0.583,Decreasing
D,ASP,166,ILE,2.626,-0.751,Decreasing
D,ILE,190,SER,3.852,-0.451,Decreasing
D,ILE,196,LEU,3.388,-1.338,Decreasing
C,PRO,412,ARG,3.194,-0.262,Decreasing
C,GLU,30,MET,4.199,-0.791,Decreasing
C,HIS,13,ARG,2.626,-0.506,Decreasing
C,TYR,27,ALA,3.153,-0.986,Decreasing
C,CYS,8,TRP,3.495,0.39,Increasing
D,GLN,303,HIS,3.15,0.314,Increasing
C,LEU,33,GLY,2.215,-0.996,Decreasing
D,GLU,238,TRP,3.342,0.281,Increasing
D,HIS,172,GLN,3.702,-0.247,Decreasing
D,ILE,23,ALA,3.877,-1.195,Decreasing
D,LEU,93,LYS,2.631,-0.587,Decreasing
C,LEU,399,GLU,3.323,-1.871,Decreasing
C,SER,246,CYS,4.846,-0.303,Decreasing
C,PRO,76,SER,3.522,-0.347,Decreasing
C,GLU,409,TRP,4.313,0.068,Increasing
D,TRP,298,LEU,3.49,-1.256,Decreasing
D,VAL,20,ARG,2.615,-0.66,Decreasing
C,ASP,75,PRO,4.868,-0.48,Decreasing
D,ASP,166,PHE,2.626,-0.068,Decreasing
D,PRO,95,ARG,3.43,-0.3,Decreasing
D,ASP,99,LYS,3.755,-0.323,Decreasing
D,LYS,62,TRP,3.691,0.082,Increasing
D,ILE,196,GLU,3.388,-1.993,Decreasing
C,PRO,412,TYR,3.194,0.256,Increasing
C,GLU,30,THR,4.199,-1.099,Decreasing
D,LYS,235,CYS,3.903,-0.959,Decreasing
D,GLN,303,ALA,3.15,-0.766,Decreasing
C,ARG,52,MET,4.432,-0.992,Decreasing
D,GLN,56,THR,2.364,-0.5,Decreasing
C,PRO,394,SER,3.281,-0.364,Decreasing
C,GLU,403,TYR,2.903,-0.02,Decreasing
D,TYR,85,ILE,3.281,-1.137,Decreasing
D,ILE,66,HIS,3.715,0.254,Increasing
D,ILE,173,TRP,3.533,1.442,Increasing
D,ARG,176,GLU,3.78,-0.544,Decreasing
D,LEU,93,ASP,2.631,-0.805,Decreasing
C,GLN,5,PRO,2.364,-0.315,Decreasing
D,THR,299,VAL,4.187,-0.315,Decreasing
C,ARG,404,ALA,3.232,-0.898,Decreasing
D,LEU,63,GLN,3.913,-0.851,Decreasing
D,GLN,171,ILE,1.94,-0.678,Decreasing
D,GLU,269,VAL,4.753,-0.799,Decreasing
D,THR,169,GLN,4.36,-0.422,Decreasing
C,HIS,396,CYS,3.368,-0.667,Decreasing
D,ILE,190,ALA,3.852,-0.765,Decreasing
D,ASP,99,PRO,3.755,-0.031,Decreasing
C,PRO,394,ALA,3.281,-0.017,Decreasing
C,TYR,74,ILE,3.175,-1.62,Decreasing
C,VAL,6,HIS,3.691,0.313,Increasing
D,LYS,22,PRO,2.837,-0.743,Decreasing
D,LYS,235,ASP,3.903,-0.714,Decreasing
D,LYS,302,ARG,2.208,0.017,Increasing
C,ARG,52,PHE,4.432,-0.422,Decreasing
D,GLN,56,MET,2.364,-0.384,Decreasing
C,LEU,411,TYR,2.208,0.154,Increasing
C,ALA,405,TRP,2.837,1.188,Increasing
D,ARG,176,LEU,3.78,-0.522,Decreasing
D,ILE,23,SER,3.877,-1.121,Decreasing
D,ASN,191,ASP,4.146,0.057,Increasing
D,ALA,306,ARG,4.046,0.151,Increasing
C,GLN,5,ILE,2.364,-0.372,Decreasing
D,THR,299,TYR,4.187,-0.262,Decreasing
C,MET,407,LYS,2.631,0.243,Increasing
D,LEU,63,HIS,3.913,-0.259,Decreasing
D,ARG,267,PRO,1.196,-1.054,Decreasing
D,GLU,269,MET,4.753,-0.566,Decreasing
D,ASP,166,THR,2.626,-1.016,Decreasing
D,SER,242,ASP,4.758,0.015,Increasing
D,ASP,99,TYR,3.755,0.126,Increasing
D,PHE,132,LYS,3.357,-0.848,Decreasing
D,LEU,58,PRO,4.696,-0.668,Decreasing
C,ARG,404,HIS,3.232,-0.485,Decreasing
C,HIS,13,GLY,2.626,-0.816,Decreasing
D,LYS,235,MET,3.903,-0.872,Decreasing
D,ARG,201,CYS,2.535,-0.848,Decreasing
D,GLN,56,PHE,2.364,-0.307,Decreasing
D,TYR,32,PRO,3.746,-2.351,Decreasing
D,ILE,66,VAL,3.715,-0.448,Decreasing
C,LEU,411,VAL,2.208,-1.312,Decreasing
D,ARG,176,TRP,3.78,-0.41,Decreasing
D,ILE,23,THR,3.877,-0.947,Decreasing
D,ALA,306,TYR,4.046,0.55,Increasing
C,LEU,399,ARG,3.323,-1.21,Decreasing
D,LEU,63,GLY,3.913,-0.995,Decreasing
D,ARG,267,ILE,1.196,-0.782,Decreasing
D,GLU,269,ASP,4.753,0.443,Increasing
D,LEU,92,GLN,3.719,-0.91,Decreasing
D,VAL,20,GLU,2.615,-0.66,Decreasing
C,GLU,53,HIS,1.196,0.165,Increasing
C,SER,18,GLN,4.258,-0.203,Decreasing
D,PHE,132,ARG,3.357,-0.901,Decreasing
D,GLU,177,LYS,2.776,-1.312,Decreasing
D,LEU,194,PRO,3.335,-1.235,Decreasing
D,GLN,231,CYS,4.53,-0.469,Decreasing
C,HIS,13,ASN,2.626,-1.124,Decreasing
C,GLY,398,ASP,4.348,-0.046,Decreasing
D,ASP,178,VAL,3.153,-0.64,Decreasing
C,THR,413,ASN,3.15,-0.388,Decreasing
D,PHE,11,PRO,3.625,-1.883,Decreasing
D,LYS,83,ASN,3.702,-0.093,Decreasing
D,TYR,32,ILE,3.746,-1.682,Decreasing
D,HIS,172,MET,3.702,-0.428,Decreasing
D,ASN,191,ARG,4.146,-0.613,Decreasing
D,SER,237,ALA,4.236,-0.627,Decreasing
C,ALA,247,GLY,4.179,0.814,Increasing
D,THR,299,LYS,4.187,-0.491,Decreasing
C,VAL,6,ILE,3.691,-0.189,Decreasing
D,LEU,58,MET,4.696,-0.564,Decreasing
D,ARG,267,ASN,1.196,-0.533,Decreasing
C,LEU,402,PRO,2.615,-1.495,Decreasing
D,PHE,268,TRP,2.937,-0.268,Decreasing
D,GLU,269,CYS,4.753,-0.838,Decreasing
D,LEU,92,HIS,3.719,-0.816,Decreasing
D,VAL,20,ASN,2.615,-0.638,Decreasing
C,GLU,53,ALA,1.196,-0.69,Decreasing
D,LYS,62,PHE,3.691,-0.063,Decreasing
D,MET,241,GLY,3.234,-1.307,Decreasing
C,ARG,404,PHE,3.232,-0.293,Decreasing
D,GLN,231,HIS,4.53,0.242,Increasing
D,PRO,174,ILE,4.06,-0.524,Decreasing
C,GLU,29,CYS,2.535,-1.673,Decreasing
D,LYS,22,GLU,2.837,-0.07,Decreasing
C,CYS,8,HIS,3.495,0.416,Increasing
C,GLY,398,LYS,4.348,0.284,Increasing
D,PRO,95,TYR,3.43,0.313,Increasing
D,LYS,302,GLY,2.208,-1.143,Decreasing
C,TYR,74,SER,3.175,-1.911,Decreasing
D,ASP,178,ILE,3.153,-0.491,Decreasing
D,PHE,11,ILE,3.625,-0.174,Decreasing
D,LYS,83,GLY,3.702,0.148,Increasing
D,LEU,33,ASP,3.866,-1.931,Decreasing
D,TYR,32,PHE,3.746,0.368,Increasing
C,VAL,6,ASN,3.691,-0.15,Decreasing
C,PHE,242,GLU,4.094,-1.286,Decreasing
C,LEU,411,ASP,2.208,-1.82,Decreasing
C,CYS,8,GLU,3.495,-0.244,Decreasing
D,ALA,306,GLY,4.046,-0.421,Decreasing
C,ARG,245,VAL,3.479,-0.618,Decreasing
D,ARG,267,GLY,1.196,-0.686,Decreasing
D,PHE,268,ASN,2.937,-0.621,Decreasing
D,LEU,92,GLY,3.719,-1.113,Decreasing
D,LEU,100,ALA,3.712,-1.264,Decreasing
C,ASN,406,GLN,4.539,-0.723,Decreasing
D,LEU,58,GLU,4.696,-0.314,Decreasing
D,MET,241,ASN,3.234,-1.029,Decreasing
C,ALA,405,CYS,2.837,0.007,Increasing
C,GLU,36,LEU,4.384,-0.59,Decreasing
D,LYS,22,LEU,2.837,-0.534,Decreasing
D,GLY,159,VAL,4.292,-0.792,Decreasing
D,LYS,302,ASN,2.208,-0.849,Decreasing
C,ARG,52,GLY,4.432,-1.056,Decreasing
D,LEU,266,ASN,4.439,-0.469,Decreasing
D,TYR,59,VAL,3.226,-1.576,Decreasing
C,ASP,75,LYS,4.868,-0.415,Decreasing
D,ALA,306,ASN,4.046,0.162,Increasing
C,ARG,245,MET,3.479,-0.597,Decreasing
C,SER,18,PHE,4.258,-0.488,Decreasing
D,PHE,268,GLU,2.937,-0.857,Decreasing
C,TYR,410,VAL,2.554,-1.348,Decreasing
C,ASP,10,LYS,4.362,-0.267,Decreasing
D,LEU,100,ASN,3.712,-0.999,Decreasing
C,ALA,247,ASP,4.179,0.342,Increasing
D,LYS,62,HIS,3.691,-0.122,Decreasing
D,MET,241,GLN,3.234,-0.428,Decreasing
C,ARG,404,THR,3.232,-0.743,Decreasing
C,GLU,36,LYS,4.384,-0.881,Decreasing
C,PHE,243,SER,3.431,-0.819,Decreasing
C,GLY,398,TYR,4.348,0.141,Increasing
D,ARG,201,SER,2.535,-0.586,Decreasing
C,ILE,395,ASP,3.386,-1.518,Decreasing
C,TYR,410,TRP,2.554,-0.232,Decreasing
D,LEU,19,LYS,3.323,-1.048,Decreasing
D,LEU,266,GLU,4.439,-0.626,Decreasing
D,TYR,59,ILE,3.226,-0.947,Decreasing
D,GLU,177,ARG,2.776,-1.251,Decreasing
C,PHE,242,SER,4.094,-0.974,Decreasing
D,LEU,33,THR,3.866,-1.198,Decreasing
D,ALA,306,GLN,4.046,0.756,Increasing
C,ARG,245,ASP,3.479,-0.91,Decreasing
C,ASP,11,GLN,4.799,-0.618,Decreasing
D,LEU,100,TRP,3.712,0.495,Increasing
C,PHE,408,TRP,2.899,-0.292,Decreasing
C,ASN,406,CYS,4.539,-0.659,Decreasing
D,ARG,201,PRO,2.535,-1.023,Decreasing
D,PRO,174,ARG,4.06,-0.145,Decreasing
D,LEU,33,TRP,3.866,0.398,Increasing
D,ARG,165,GLY,3.853,-0.374,Decreasing
D,ARG,201,HIS,2.535,-0.211,Decreasing
C,TYR,410,PRO,2.554,-1.969,Decreasing
D,LEU,19,PRO,3.323,-1.752,Decreasing
D,LYS,163,THR,3.495,-0.772,Decreasing
C,LEU,402,TYR,2.615,0.564,Increasing
D,ARG,168,MET,4.573,-0.006,Decreasing
C,MET,407,ASP,2.631,-1.695,Decreasing
C,ARG,245,CYS,3.479,-0.71,Decreasing
D,ALA,161,GLY,4.63,-0.652,Decreasing
C,ASP,11,HIS,4.799,0.067,Increasing
D,ARG,264,TYR,4.367,0.062,Increasing
C,PRO,394,GLN,3.281,-0.025,Decreasing
D,CYS,150,GLU,3.194,0.167,Increasing
C,ASN,406,ASP,4.539,-0.356,Decreasing
C,ARG,52,VAL,4.432,-0.879,Decreasing
C,GLU,36,TYR,4.384,0.031,Increasing
D,ARG,165,ASN,3.853,0.107,Increasing
D,ARG,201,ALA,2.535,-0.851,Decreasing
C,ILE,395,ARG,3.386,-0.954,Decreasing
C,VAL,14,ILE,2.896,-0.049,Decreasing
D,LEU,194,ASN,3.335,-1.001,Decreasing
D,LEU,19,TYR,3.323,-0.345,Decreasing
C,GLU,29,LEU,2.535,-1.421,Decreasing
C,ASN,15,GLY,2.902,0.421,Increasing
D,GLY,94,HIS,4.163,-0.464,Decreasing
C,ARG,17,HIS,1.94,-0.568,Decreasing
D,ALA,161,LEU,4.63,0.397,Increasing
D,ARG,264,PRO,4.367,-0.895,Decreasing
C,PHE,408,GLU,2.899,-1.766,Decreasing
D,CYS,150,ASN,3.194,0.089,Increasing
C,ASN,406,MET,4.539,-0.414,Decreasing
D,GLU,42,ARG,2.554,-0.765,Decreasing
C,GLU,36,PRO,4.384,-0.874,Decreasing
D,ARG,165,ILE,3.853,0.01,Increasing
D,LEU,58,SER,4.696,-0.484,Decreasing
D,TYR,175,LYS,3.049,-1.47,Decreasing
D,ARG,21,GLU,3.213,-0.651,Decreasing
C,VAL,14,PHE,2.896,0.366,Increasing
D,LEU,266,ARG,4.439,-0.531,Decreasing
D,GLN,171,GLY,1.94,-0.689,Decreasing
D,GLY,94,GLN,4.163,-0.963,Decreasing
C,GLY,398,THR,4.348,-0.052,Decreasing
D,LYS,163,ASP,3.495,-0.511,Decreasing
D,LEU,33,LYS,3.866,-0.419,Decreasing
D,ASN,167,TRP,4.855,-0.17,Decreasing
D,ILE,146,ARG,3.287,-0.67,Decreasing
C,GLU,403,ASP,2.903,-0.092,Decreasing
C,GLN,5,TYR,2.364,0.126,Increasing
C,ARG,17,GLY,1.94,-0.83,Decreasing
C,LEU,402,ILE,2.615,-0.801,Decreasing
C,ASP,11,PHE,4.799,0.239,Increasing
D,SER,237,PHE,4.236,-0.106,Decreasing
D,CYS,150,TRP,3.194,0.336,Increasing
D,GLY,147,ASN,4.616,-0.107,Decreasing
D,ARG,165,PRO,3.853,-0.607,Decreasing
C,THR,244,ALA,3.234,0.138,Increasing
D,ARG,21,LEU,3.213,-0.826,Decreasing
C,TYR,410,LYS,2.554,-1.082,Decreasing
D,GLN,171,ASN,1.94,-0.385,Decreasing
C,ASN,15,ILE,2.902,-0.389,Decreasing
C,ARG,32,TYR,2.776,-0.8,Decreasing
C,LEU,402,ASP,2.615,-1.614,Decreasing
D,LEU,47,GLU,4.047,-1.171,Decreasing
C,TRP,16,VAL,4.06,-0.783,Decreasing
D,ARG,264,PHE,4.367,-0.117,Decreasing
C,LEU,9,TRP,3.357,-0.318,Decreasing
D,CYS,150,PRO,3.194,0.039,Increasing
D,PHE,103,VAL,3.443,-0.959,Decreasing
D,GLU,42,LEU,2.554,-0.519,Decreasing
C,THR,244,PHE,3.234,-0.339,Decreasing
D,ARG,21,LYS,3.213,0.434,Increasing
C,GLU,403,GLN,2.903,0.84,Increasing
C,VAL,14,THR,2.896,-0.517,Decreasing
C,ASN,15,PRO,2.902,-0.275,Decreasing
C,ARG,32,VAL,2.776,-1.846,Decreasing
C,ASN,12,TRP,4.573,0.061,Increasing
D,ASN,167,GLU,4.855,-0.148,Decreasing
C,PRO,76,PHE,3.522,0.019,Increasing
C,SER,18,TYR,4.258,-0.137,Decreasing
C,PHE,243,GLU,3.431,-1.414,Decreasing
C,PRO,412,PHE,3.194,0.248,Increasing
C,LEU,9,ASN,3.357,-1.026,Decreasing
D,CYS,150,TYR,3.194,0.124,Increasing
D,PHE,103,ILE,3.443,-0.782,Decreasing
D,GLU,42,GLY,2.554,-0.784,Decreasing
C,THR,413,PHE,3.15,-0.213,Decreasing
D,GLU,238,LYS,3.342,-0.335,Decreasing
D,TYR,85,THR,3.281,-1.134,Decreasing
D,TYR,175,PRO,3.049,-1.602,Decreasing
D,ILE,173,HIS,3.533,-0.461,Decreasing
D,GLN,171,ARG,1.94,-0.283,Decreasing
C,SER,28,CYS,3.773,0.196,Increasing
C,GLU,403,LYS,2.903,-1.13,Decreasing
D,LYS,62,ALA,3.691,-0.589,Decreasing
D,LEU,47,TRP,4.047,-0.195,Decreasing
D,TRP,298,PRO,3.49,-1.919,Decreasing
C,TRP,16,ASP,4.06,-1.585,Decreasing
C,GLU,29,GLY,2.535,-1.607,Decreasing
D,ASN,167,LEU,4.855,-0.28,Decreasing
D,THR,169,ASN,4.36,-0.051,Decreasing
C,SER,18,LYS,4.258,-0.095,Decreasing
D,ILE,196,GLN,3.388,-1.383,Decreasing
C,PRO,412,MET,3.194,-0.526,Decreasing
C,TYR,27,LEU,3.153,-0.922,Decreasing
C,LEU,9,ALA,3.357,-1.224,Decreasing
D,GLU,234,TRP,3.175,1.086,Increasing
C,ARG,52,TYR,4.432,-0.392,Decreasing
D,GLY,147,TYR,4.616,0.121,Increasing
D,TYR,175,TRP,3.049,-0.125,Decreasing
D,ILE,173,CYS,3.533,-0.344,Decreasing
D,ARG,21,TYR,3.213,-0.543,Decreasing
C,SER,246,VAL,4.846,-0.222,Decreasing
C,ARG,32,ASP,2.776,-2.231,Decreasing
C,TRP,16,CYS,4.06,-0.91,Decreasing
D,ASN,167,LYS,4.855,-0.294,Decreasing
C,GLY,398,ARG,4.348,-0.867,Decreasing
D,THR,169,GLU,4.36,-0.066,Decreasing
C,PHE,243,TRP,3.431,-0.553,Decreasing
C,PRO,412,THR,3.194,-0.306,Decreasing
C,GLU,30,CYS,4.199,-1.076,Decreasing
C,GLU,29,TRP,2.535,-0.749,Decreasing
C,TYR,27,GLY,3.153,-1.266,Decreasing
D,LYS,235,PRO,3.903,-0.626,Decreasing
D,GLN,303,VAL,3.15,-0.523,Decreasing
D,GLU,234,ASN,3.175,-0.663,Decreasing
C,LEU,33,ALA,2.215,-0.646,Decreasing
D,GLY,147,ARG,4.616,-0.371,Decreasing
D,TYR,85,PHE,3.281,0.201,Increasing
C,ASP,75,CYS,4.868,-0.463,Decreasing
D,LEU,93,GLN,2.631,-0.618,Decreasing
C,GLU,409,ILE,4.313,-0.276,Decreasing
C,SER,18,ASN,4.258,-0.175,Decreasing
D,LEU,47,TYR,4.047,0.331,Increasing
C,ASP,75,VAL,4.868,-0.146,Decreasing
D,ASP,166,HIS,2.626,-0.517,Decreasing
C,PRO,76,TYR,3.522,-0.052,Decreasing
D,ILE,190,ARG,3.852,-0.242,Decreasing
D,ASP,99,GLU,3.755,0.262,Increasing
D,ILE,196,CYS,3.388,-0.928,Decreasing
C,HIS,396,ASN,3.368,-0.855,Decreasing
C,PRO,412,SER,3.194,-0.445,Decreasing
D,HIS,172,VAL,3.702,-0.235,Decreasing
C,HIS,13,SER,2.626,-0.939,Decreasing
C,PHE,243,LYS,3.431,-0.837,Decreasing
C,GLU,53,ILE,1.196,-0.052,Decreasing
D,LYS,235,TYR,3.903,-0.279,Decreasing
D,GLU,234,ALA,3.175,-0.766,Decreasing
C,ARG,52,LYS,4.432,-0.234,Decreasing
D,GLU,238,THR,3.342,-0.372,Decreasing
C,VAL,6,PRO,3.691,-0.438,Decreasing
D,HIS,172,ARG,3.702,0.001,Increasing
D,ARG,176,CYS,3.78,-0.538,Decreasing
D,ASN,191,ILE,4.146,-0.463,Decreasing
C,LEU,399,PHE,3.323,0.179,Increasing
C,SER,246,ASP,4.846,-0.261,Decreasing
C,GLN,5,VAL,2.364,-0.392,Decreasing
C,GLU,409,VAL,4.313,-0.39,Decreasing
C,ALA,405,ARG,2.837,0.218,Increasing
C,MET,407,ALA,2.631,-1.298,Decreasing
D,TRP,298,MET,3.49,-1.383,Decreasing
D,LYS,163,MET,3.495,-1.308,Decreasing
C,SER,28,TYR,3.773,-0.114,Decreasing
D,TYR,164,LYS,4.01,-0.557,Decreasing
D,VAL,20,GLN,2.615,-0.546,Decreasing
C,ASP,75,GLN,4.868,-0.792,Decreasing
D,ASP,166,ALA,2.626,-1.035,Decreasing
D,ILE,190,LYS,3.852,-0.432,Decreasing
C,PRO,394,GLY,3.281,0.102,Increasing
D,ILE,196,ASP,3.388,-2.175,Decreasing
C,TYR,74,HIS,3.175,-1.566,Decreasing
C,GLU,403,HIS,2.903,-0.056,Decreasing
C,ASP,10,ALA,4.362,-0.903,Decreasing
C,ARG,52,LEU,4.432,-0.793,Decreasing
D,GLN,56,SER,2.364,-0.369,Decreasing
D,TYR,85,HIS,3.281,0.096,Increasing
D,HIS,172,TYR,3.702,0.173,Increasing
D,ILE,173,THR,3.533,-0.057,Decreasing
D,ILE,23,TYR,3.877,-0.342,Decreasing
D,LEU,93,CYS,2.631,-0.579,Decreasing
C,SER,246,LYS,4.846,-0.127,Decreasing
D,THR,299,TRP,4.187,-0.23,Decreasing
C,MET,407,LEU,2.631,-0.978,Decreasing
D,LEU,63,ARG,3.913,-0.657,Decreasing
D,GLU,269,TRP,4.753,0.149,Increasing
D,TYR,164,ARG,4.01,-0.683,Decreasing
D,THR,169,ARG,4.36,-0.225,Decreasing
C,SER,18,TRP,4.258,1.447,Increasing
D,ASP,99,SER,3.755,-0.658,Decreasing
D,PHE,132,ALA,3.357,-1.001,Decreasing
D,GLN,231,THR,4.53,-0.408,Decreasing
C,GLU,403,ALA,2.903,-0.899,Decreasing
D,LYS,22,GLN,2.837,-0.013,Decreasing
C,CYS,8,PHE,3.495,0.312,Increasing
D,LYS,302,SER,2.208,-0.866,Decreasing
C,LEU,33,VAL,2.215,-0.307,Decreasing
D,GLN,56,LEU,2.364,-0.48,Decreasing
D,LYS,83,SER,3.702,-0.606,Decreasing
D,ILE,66,PRO,3.715,-0.74,Decreasing
D,ARG,176,MET,3.78,-0.563,Decreasing
D,ILE,23,ARG,3.877,-1.049,Decreasing
D,ASN,191,GLY,4.146,-0.583,Decreasing
D,SER,237,ARG,4.236,-0.151,Decreasing
C,LEU,399,THR,3.323,-1.315,Decreasing
C,GLN,5,HIS,2.364,0.096,Increasing
C,TYR,74,PHE,3.175,-0.51,Decreasing
D,LEU,63,ILE,3.913,-0.169,Decreasing
D,ARG,267,SER,1.196,-0.609,Decreasing
D,GLU,269,ASN,4.753,-0.949,Decreasing
D,VAL,20,CYS,2.615,-0.748,Decreasing
D,ASP,166,TRP,2.626,-0.26,Decreasing
C,GLU,53,ARG,1.196,-0.17,Decreasing
C,SER,18,PRO,4.258,-0.398,Decreasing
D,PHE,132,HIS,3.357,-0.694,Decreasing
D,LEU,58,GLN,4.696,-0.404,Decreasing
C,ARG,404,LYS,3.232,-0.609,Decreasing
C,HIS,13,ASP,2.626,-1.355,Decreasing
C,PRO,394,CYS,3.281,0.139,Increasing
D,LYS,235,LEU,3.903,-0.586,Decreasing
D,GLN,56,GLU,2.364,0.027,Increasing
D,LYS,83,THR,3.702,-0.589,Decreasing
D,TYR,32,SER,3.746,-1.545,Decreasing
D,ILE,66,TRP,3.715,0.065,Increasing
C,LEU,411,GLN,2.208,-1.224,Decreasing
D,ARG,176,THR,3.78,-0.436,Decreasing
C,LEU,399,SER,3.323,-1.399,Decreasing
C,SER,28,HIS,3.773,0.1,Increasing
D,THR,299,ALA,4.187,-0.659,Decreasing
C,GLU,403,LEU,2.903,-0.351,Decreasing
D,ARG,267,HIS,1.196,-0.696,Decreasing
D,PHE,268,TYR,2.937,0.793,Increasing
D,LEU,92,ARG,3.719,-0.882,Decreasing
C,SER,18,LEU,4.258,-0.444,Decreasing
D,VAL,20,ASP,2.615,-0.863,Decreasing
C,GLU,53,LYS,1.196,-0.221,Decreasing
D,PHE,132,SER,3.357,-0.895,Decreasing
D,GLU,177,HIS,2.776,-0.315,Decreasing
D,LYS,22,CYS,2.837,-0.831,Decreasing
C,CYS,8,LYS,3.495,-0.031,Decreasing
D,GLY,159,ALA,4.292,-0.452,Decreasing
D,ASP,178,TRP,3.153,0.46,Increasing
D,PHE,11,TRP,3.625,-0.499,Decreasing
D,LYS,83,MET,3.702,-0.028,Decreasing
D,TYR,32,HIS,3.746,-1.732,Decreasing
D,HIS,172,ASN,3.702,-0.238,Decreasing
C,LEU,411,ASN,2.208,-1.165,Decreasing
C,ASP,10,ASN,4.362,0.159,Increasing
D,THR,299,HIS,4.187,-0.059,Decreasing
D,ARG,267,ALA,1.196,-0.714,Decreasing
D,PHE,268,PRO,2.937,-0.891,Decreasing
D,LEU,92,ILE,3.719,-0.81,Decreasing
D,VAL,20,MET,2.615,-0.756,Decreasing
D,PRO,95,TRP,3.43,0.278,Increasing
D,GLU,177,SER,2.776,-1.044,Decreasing
D,MET,241,ASP,3.234,-1.225,Decreasing
C,ARG,404,TYR,3.232,-0.199,Decreasing
D,GLN,231,LYS,4.53,-0.202,Decreasing
D,PRO,174,ASN,4.06,-0.1,Decreasing
C,GLU,403,TRP,2.903,0.081,Increasing
D,GLY,159,HIS,4.292,-0.252,Decreasing
D,LYS,302,ASP,2.208,-1.03,Decreasing
D,ASP,178,ASN,3.153,-0.828,Decreasing
D,PHE,11,HIS,3.625,-1.904,Decreasing
D,LYS,83,PHE,3.702,-0.18,Decreasing
D,TYR,32,ALA,3.746,-1.622,Decreasing
C,PHE,242,ASP,4.094,-1.378,Decreasing
C,LEU,411,GLY,2.208,-1.746,Decreasing
C,HIS,396,PRO,3.368,-0.577,Decreasing
D,ALA,306,HIS,4.046,0.582,Increasing
C,ARG,245,TRP,3.479,-0.276,Decreasing
C,SER,18,ALA,4.258,-0.373,Decreasing
D,ARG,267,PHE,1.196,-0.777,Decreasing
C,ASN,406,PRO,4.539,-0.547,Decreasing
D,LYS,62,ASN,3.691,-0.495,Decreasing
C,GLU,36,MET,4.384,-0.609,Decreasing
C,CYS,8,LEU,3.495,0.088,Increasing
D,PRO,174,ALA,4.06,-0.634,Decreasing
D,LYS,22,MET,2.837,-0.498,Decreasing
D,GLY,159,TRP,4.292,-0.556,Decreasing
D,PRO,95,GLN,3.43,-0.744,Decreasing
C,ILE,395,ASN,3.386,-1.105,Decreasing
D,ASP,178,ALA,3.153,-0.935,Decreasing
D,PHE,11,ALA,3.625,-1.292,Decreasing
D,LEU,19,GLU,3.323,-1.739,Decreasing
C,GLU,403,SER,2.903,-0.978,Decreasing
D,TYR,59,TRP,3.226,-0.129,Decreasing
D,GLU,177,MET,2.776,-0.674,Decreasing
C,PHE,242,MET,4.094,-1.091,Decreasing
D,SER,237,ASN,4.236,-0.791,Decreasing
D,SER,237,GLN,4.236,-0.602,Decreasing
C,ARG,245,ASN,3.479,-0.661,Decreasing
C,ARG,404,GLY,3.232,-0.955,Decreasing
C,ALA,247,ARG,4.179,0.517,Increasing
D,LEU,100,ILE,3.712,-0.722,Decreasing
C,PHE,408,GLN,2.899,-1.389,Decreasing
C,ASN,406,TYR,4.539,-0.099,Decreasing
D,LYS,62,ILE,3.691,-0.414,Decreasing
D,MET,241,VAL,3.234,-0.866,Decreasing
C,ARG,404,TRP,3.232,-0.278,Decreasing
C,GLU,36,ASP,4.384,0.779,Increasing
D,ARG,168,ASP,4.573,-0.249,Decreasing
D,PRO,95,VAL,3.43,-1.082,Decreasing
C,ILE,395,GLY,3.386,-0.999,Decreasing
D,LEU,194,ALA,3.335,-1.122,Decreasing
D,SER,242,LYS,4.758,0.141,Increasing
D,LEU,266,PHE,4.439,0.306,Increasing
D,TYR,59,ASN,3.226,-1.233,Decreasing
C,PHE,242,ARG,4.094,-1.005,Decreasing
D,ARG,168,GLY,4.573,-0.51,Decreasing
C,MET,407,VAL,2.631,-1.152,Decreasing
D,ILE,146,ASN,3.287,-0.628,Decreasing
C,ARG,245,GLU,3.479,-0.97,Decreasing
C,ASP,11,ARG,4.799,-0.254,Decreasing
D,LEU,100,VAL,3.712,-1.012,Decreasing
C,PHE,408,VAL,2.899,-1.447,Decreasing
C,SER,28,PRO,3.773,-0.344,Decreasing
D,MET,241,TYR,3.234,1.089,Increasing
C,ARG,52,TRP,4.432,-0.508,Decreasing
C,GLU,36,CYS,4.384,-1.004,Decreasing
D,PRO,174,SER,4.06,-0.19,Decreasing
D,ARG,165,ASP,3.853,0.509,Increasing
D,ARG,201,LYS,2.535,-0.624,Decreasing
D,LEU,194,HIS,3.335,-0.808,Decreasing
D,LEU,19,SER,3.323,-1.143,Decreasing
D,LYS,163,TRP,3.495,-0.329,Decreasing
D,TYR,59,ALA,3.226,-1.69,Decreasing
D,GLY,94,PHE,4.163,-0.209,Decreasing
D,ARG,168,LEU,4.573,-0.388,Decreasing
D,ILE,146,ALA,3.287,-0.669,Decreasing
D,ALA,161,PHE,4.63,0.96,Increasing
C,ASP,11,ILE,4.799,-0.135,Decreasing
D,CYS,150,ASP,3.194,0.312,Increasing
C,ASN,406,LYS,4.539,-0.716,Decreasing
C,ASP,10,TYR,4.362,0.141,Increasing
D,LEU,194,VAL,3.335,-1.023,Decreasing
C,VAL,6,SER,3.691,-0.202,Decreasing
C,PRO,394,LEU,3.281,0.605,Increasing
D,LEU,58,ARG,4.696,0.17,Increasing
D,PRO,95,ASP,3.43,-1.703,Decreasing
C,GLN,5,SER,2.364,-0.386,Decreasing
C,VAL,14,HIS,2.896,-0.028,Decreasing
D,LEU,266,THR,4.439,-0.347,Decreasing
D,GLN,171,TYR,1.94,-0.154,Decreasing
C,ASN,15,ASP,2.902,0.59,Increasing
C,LEU,402,GLN,2.615,-0.876,Decreasing
C,ASN,12,CYS,4.573,-0.327,Decreasing
D,LEU,33,GLU,3.866,-1.588,Decreasing
C,SER,28,GLN,3.773,-0.525,Decreasing
C,ARG,17,ILE,1.94,-0.604,Decreasing
C,LEU,402,ASN,2.615,-0.923,Decreasing
D,ARG,264,GLN,4.367,-0.406,Decreasing
D,ALA,306,PHE,4.046,0.372,Increasing
C,PHE,408,ASP,2.899,-1.761,Decreasing
D,CYS,150,MET,3.194,0.015,Increasing
C,ASN,406,LEU,4.539,-0.32,Decreasing
D,GLU,42,SER,2.554,-0.944,Decreasing
C,GLU,36,GLN,4.384,-0.744,Decreasing
D,ARG,165,VAL,3.853,-0.22,Decreasing
D,TYR,175,LEU,3.049,-1.6,Decreasing
D,ARG,21,PHE,3.213,-0.593,Decreasing
C,VAL,14,ALA,2.896,-0.638,Decreasing
C,TYR,410,ALA,2.554,-1.319,Decreasing
D,LEU,266,SER,4.439,-0.479,Decreasing
D,LYS,163,GLU,3.495,0.184,Increasing
D,GLY,94,PRO,4.163,-0.688,Decreasing
C,ASN,12,ASP,4.573,-0.05,Decreasing
D,ASN,167,PRO,4.855,0.076,Increasing
D,ILE,146,SER,3.287,-0.457,Decreasing
C,MET,407,CYS,2.631,-1.441,Decreasing
C,MET,407,ASN,2.631,-1.386,Decreasing
D,ALA,161,THR,4.63,0.495,Increasing
C,ASP,11,GLY,4.799,-0.915,Decreasing
D,ARG,264,HIS,4.367,-0.066,Decreasing
C,PHE,408,MET,2.899,-1.558,Decreasing
D,CYS,150,VAL,3.194,-0.062,Decreasing
D,PRO,95,LEU,3.43,-0.934,Decreasing
D,GLY,147,MET,4.616,-0.268,Decreasing
D,ARG,165,GLN,3.853,0.181,Increasing
D,TYR,175,CYS,3.049,-1.47,Decreasing
C,ASP,10,TRP,4.362,0.321,Increasing
D,ARG,21,MET,3.213,-0.815,Decreasing
C,ASN,15,VAL,2.902,-0.427,Decreasing
D,GLY,94,TYR,4.163,0.15,Increasing
C,ASN,12,MET,4.573,-0.267,Decreasing
C,HIS,396,TYR,3.368,0.076,Increasing
D,LEU,194,GLY,3.335,-1.152,Decreasing
D,ARG,264,GLY,4.367,-0.477,Decreasing
C,LEU,9,THR,3.357,-1.047,Decreasing
D,PHE,103,TRP,3.443,0.381,Increasing
D,GLU,42,MET,2.554,-0.721,Decreasing
D,HIS,172,ASP,3.702,-0.335,Decreasing
D,GLY,147,PHE,4.616,0.019,Increasing
C,THR,244,ILE,3.234,-0.647,Decreasing
D,ARG,21,THR,3.213,-0.798,Decreasing
C,VAL,14,TRP,2.896,0.705,Increasing
C,ALA,247,LEU,4.179,0.031,Increasing
C,GLU,403,THR,2.903,-0.813,Decreasing
C,ASN,15,GLN,2.902,-0.495,Decreasing
D,LEU,58,ASP,4.696,-0.952,Decreasing
D,LEU,47,MET,4.047,-0.079,Decreasing
D,TRP,298,VAL,3.49,-1.398,Decreasing
C,ASN,12,VAL,4.573,0.223,Increasing
D,SER,237,VAL,4.236,-0.607,Decreasing
C,PRO,76,GLU,3.522,0.051,Increasing
C,ARG,17,VAL,1.94,-0.689,Decreasing
C,PRO,412,GLY,3.194,-0.823,Decreasing
C,TYR,27,ARG,3.153,-0.787,Decreasing
D,PHE,103,ASN,3.443,-0.89,Decreasing
D,GLU,42,ASP,2.554,-0.554,Decreasing
D,SER,242,ARG,4.758,0.273,Increasing
D,GLU,238,HIS,3.342,0.193,Increasing
C,THR,244,ASN,3.234,-1.109,Decreasing
D,TYR,85,SER,3.281,-1.176,Decreasing
D,TYR,175,GLN,3.049,-1.452,Decreasing
D,ARG,21,SER,3.213,-0.751,Decreasing
C,SER,246,PRO,4.846,-0.27,Decreasing
C,ARG,32,ASN,2.776,-1.993,Decreasing
D,LEU,47,THR,4.047,-0.826,Decreasing
D,TRP,298,GLN,3.49,-1.401,Decreasing
C,TRP,16,GLU,4.06,-0.053,Decreasing
D,ASN,167,MET,4.855,-0.311,Decreasing
C,ASP,75,GLU,4.868,0.715,Increasing
C,PRO,76,ASN,3.522,-0.059,Decreasing
C,SER,18,HIS,4.258,-0.313,Decreasing
D,ILE,196,PRO,3.388,-0.871,Decreasing
C,PRO,412,ASN,3.194,-0.05,Decreasing
C,TYR,27,MET,3.153,-0.991,Decreasing
D,GLU,234,ASP,3.175,0.175,Increasing
D,PHE,103,ALA,3.443,-0.871,Decreasing
D,GLU,234,THR,3.175,-0.667,Decreasing
C,LEU,33,LYS,2.215,-0.357,Decreasing
D,GLU,238,CYS,3.342,-0.156,Decreasing
C,ASP,10,CYS,4.362,-0.511,Decreasing
C,THR,244,TRP,3.234,-0.094,Decreasing
D,LEU,93,TRP,2.631,-0.273,Decreasing
C,SER,246,TRP,4.846,1.289,Increasing
C,GLU,409,CYS,4.313,-0.623,Decreasing
C,ARG,32,GLY,2.776,-2.0,Decreasing
C,TRP,16,LEU,4.06,-0.86,Decreasing
D,TYR,164,PHE,4.01,0.415,Increasing
D,THR,169,PHE,4.36,-0.336,Decreasing
C,PRO,76,TRP,3.522,0.257,Increasing
D,ILE,190,THR,3.852,-0.43,Decreasing
C,PHE,243,THR,3.431,-0.847,Decreasing
C,THR,413,VAL,3.15,-0.49,Decreasing
C,TYR,27,ASP,3.153,-1.212,Decreasing
D,LYS,235,TRP,3.903,-0.369,Decreasing
C,ARG,52,GLN,4.432,0.766,Increasing
D,GLY,147,GLN,4.616,-0.136,Decreasing
C,GLU,30,PHE,4.199,-0.253,Decreasing
D,TYR,85,GLU,3.281,-1.455,Decreasing
C,ARG,17,ALA,1.94,-0.743,Decreasing
D,ILE,23,ASN,3.877,-1.0,Decreasing
D,LEU,93,PRO,2.631,-0.714,Decreasing
C,LEU,399,HIS,3.323,-0.808,Decreasing
C,GLU,409,HIS,4.313,-0.167,Decreasing
D,TRP,298,CYS,3.49,-1.343,Decreasing
C,TRP,16,LYS,4.06,-1.037,Decreasing
C,SER,28,VAL,3.773,-0.558,Decreasing
D,TYR,164,ALA,4.01,-0.694,Decreasing
C,ASP,75,TRP,4.868,0.452,Increasing
D,ASP,166,LYS,2.626,-1.261,Decreasing
D,ILE,190,MET,3.852,-0.266,Decreasing
C,LEU,402,GLY,2.615,-1.202,Decreasing
C,TYR,74,LYS,3.175,-1.635,Decreasing
C,GLU,30,LYS,4.199,-1.431,Decreasing
C,HIS,13,PRO,2.626,0.677,Increasing
D,SER,237,LEU,4.236,-0.636,Decreasing
D,GLN,303,ASN,3.15,-0.522,Decreasing
D,SER,242,ILE,4.758,-0.292,Decreasing
C,LEU,33,TYR,2.215,-0.144,Decreasing
D,GLN,56,TYR,2.364,-0.137,Decreasing
C,GLU,29,MET,2.535,-1.327,Decreasing
D,LEU,63,VAL,3.913,-0.408,Decreasing
D,TYR,85,ASN,3.281,-1.295,Decreasing
D,HIS,172,SER,3.702,-0.319,Decreasing
D,ILE,173,ARG,3.533,0.199,Increasing
D,ILE,23,GLY,3.877,-1.381,Decreasing
D,ASN,191,HIS,4.146,-0.163,Decreasing
D,LEU,93,ILE,2.631,-0.562,Decreasing
C,LEU,399,GLY,3.323,-1.787,Decreasing
C,SER,246,GLU,4.846,-0.123,Decreasing
C,GLU,409,GLN,4.313,-1.012,Decreasing
D,LEU,63,THR,3.913,-0.666,Decreasing
C,SER,28,LYS,3.773,0.569,Increasing
D,GLU,269,TYR,4.753,0.489,Increasing
D,TYR,164,HIS,4.01,-0.82,Decreasing
D,VAL,20,PRO,2.615,-2.354,Decreasing
D,ASP,99,MET,3.755,-0.437,Decreasing
D,PHE,132,GLY,3.357,-1.104,Decreasing
C,GLU,30,ARG,4.199,0.017,Increasing
D,LYS,235,ALA,3.903,-0.88,Decreasing
D,GLN,303,GLY,3.15,-0.759,Decreasing
D,PRO,95,GLU,3.43,-0.935,Decreasing
C,LEU,33,PRO,2.215,-1.707,Decreasing
D,GLN,56,ARG,2.364,-0.228,Decreasing
D,LYS,83,TYR,3.702,0.072,Increasing
D,ARG,176,LYS,3.78,-0.377,Decreasing
D,ASN,191,ALA,4.146,-0.635,Decreasing
C,SER,246,LEU,4.846,-0.192,Decreasing
C,GLN,5,ASN,2.364,-0.169,Decreasing
C,TYR,74,LEU,3.175,-1.613,Decreasing
D,LEU,63,SER,3.913,-0.735,Decreasing
D,GLU,269,PRO,4.753,-0.239,Decreasing
C,GLU,53,TYR,1.196,0.296,Increasing
D,TYR,164,SER,4.01,-0.507,Decreasing
D,VAL,20,TYR,2.615,-0.216,Decreasing
D,THR,169,SER,4.36,-0.153,Decreasing
D,ASP,166,TYR,2.626,0.622,Increasing
C,GLU,53,THR,1.196,-0.172,Decreasing
D,ILE,190,CYS,3.852,-0.665,Decreasing
D,ASP,99,ARG,3.755,-0.454,Decreasing
D,PHE,132,ASN,3.357,-0.925,Decreasing
D,GLN,231,TRP,4.53,-0.033,Decreasing
C,PRO,394,ASP,3.281,0.157,Increasing
D,LYS,22,VAL,2.837,-0.683,Decreasing
C,CYS,8,GLY,3.495,-0.352,Decreasing
D,LYS,302,PRO,2.208,-1.794,Decreasing
C,THR,413,HIS,3.15,0.004,Increasing
C,LEU,33,TRP,2.215,-0.281,Decreasing
D,GLN,56,LYS,2.364,-0.42,Decreasing
D,LYS,83,ARG,3.702,-0.431,Decreasing
D,ILE,66,GLN,3.715,-0.394,Decreasing
D,ILE,23,GLN,3.877,-0.948,Decreasing
D,ASN,191,PHE,4.146,-0.248,Decreasing
D,ALA,306,THR,4.046,0.125,Increasing
C,ALA,247,GLU,4.179,0.225,Increasing
C,TYR,74,GLY,3.175,-1.868,Decreasing
D,GLU,177,ASP,2.776,-0.537,Decreasing
D,LEU,58,GLY,4.696,-0.68,Decreasing
C,LEU,402,VAL,2.615,-0.934,Decreasing
D,LEU,92,THR,3.719,-0.894,Decreasing
D,ASP,166,VAL,2.626,-0.882,Decreasing
C,GLU,53,MET,1.196,-0.135,Decreasing
D,PHE,132,ILE,3.357,0.018,Increasing
D,LEU,58,VAL,4.696,-0.616,Decreasing
C,ALA,405,VAL,2.837,0.02,Increasing
C,HIS,13,GLU,2.626,-1.248,Decreasing
D,LYS,22,TYR,2.837,-0.16,Decreasing
C,VAL,6,GLN,3.691,-0.037,Decreasing
D,GLN,56,ASP,2.364,0.099,Increasing
D,TYR,32,ARG,3.746,-1.871,Decreasing
C,LEU,411,PRO,2.208,-2.277,Decreasing
C,ASP,10,THR,4.362,-0.471,Decreasing
D,THR,299,PHE,4.187,-0.44,Decreasing
D,LEU,63,ALA,3.913,-0.869,Decreasing
D,ARG,267,LYS,1.196,-0.531,Decreasing
D,GLU,269,PHE,4.753,0.21,Increasing
D,LEU,92,SER,3.719,-0.917,Decreasing
D,VAL,20,LYS,2.615,-0.521,Decreasing
D,PHE,132,PRO,3.357,-1.475,Decreasing
D,LEU,58,TYR,4.696,0.12,Increasing
C,ARG,404,CYS,3.232,-0.851,Decreasing
D,GLN,231,GLU,4.53,0.09,Increasing
C,HIS,13,LEU,2.626,-0.579,Decreasing
C,GLY,398,PHE,4.348,0.099,Increasing
C,ARG,52,ALA,4.432,-1.134,Decreasing
D,ASP,178,THR,3.153,-0.859,Decreasing
D,PHE,11,VAL,3.625,-1.556,Decreasing
D,LYS,83,LEU,3.702,-0.492,Decreasing
D,TYR,32,LYS,3.746,-2.002,Decreasing
C,ASP,75,MET,4.868,-0.1,Decreasing
C,LEU,411,ILE,2.208,-1.267,Decreasing
C,HIS,396,GLN,3.368,-0.754,Decreasing
D,ASN,191,THR,4.146,-0.613,Decreasing
D,SER,237,CYS,4.236,-0.125,Decreasing
D,THR,299,ILE,4.187,0.138,Increasing
C,ARG,245,TYR,3.479,-0.314,Decreasing
D,PHE,268,GLN,2.937,-0.652,Decreasing
C,THR,413,LYS,3.15,-0.139,Decreasing
C,MET,407,GLU,2.631,-1.529,Decreasing
D,VAL,20,LEU,2.615,-0.209,Decreasing
C,GLU,53,CYS,1.196,-0.488,Decreasing
D,GLU,177,PRO,2.776,-0.254,Decreasing
D,MET,241,GLU,3.234,-0.867,Decreasing
C,ALA,405,ASP,2.837,0.223,Increasing
C,GLU,53,GLY,1.196,-0.612,Decreasing
D,GLY,159,ILE,4.292,-0.843,Decreasing
D,LYS,302,GLU,2.208,-1.161,Decreasing
C,ILE,395,HIS,3.386,-0.581,Decreasing
D,LYS,83,GLU,3.702,-0.656,Decreasing
C,PHE,242,GLY,4.094,-1.112,Decreasing
C,LEU,411,PHE,2.208,0.078,Increasing
D,ALA,306,ILE,4.046,0.174,Increasing
C,ARG,245,PRO,3.479,-0.469,Decreasing
D,PHE,268,HIS,2.937,-0.889,Decreasing
D,LEU,92,ALA,3.719,-1.001,Decreasing
C,ALA,247,SER,4.179,0.318,Increasing
D,LEU,100,CYS,3.712,-1.157,Decreasing
C,ARG,32,GLN,2.776,-1.811,Decreasing
C,ASN,406,TRP,4.539,-0.032,Decreasing
D,LEU,58,LYS,4.696,-0.092,Decreasing
D,MET,241,LEU,3.234,-0.311,Decreasing
C,ARG,404,GLN,3.232,-0.774,Decreasing
C,GLU,36,ASN,4.384,-0.809,Decreasing
D,PRO,174,PHE,4.06,0.448,Increasing
D,GLY,159,PRO,4.292,-0.796,Decreasing
D,ARG,201,THR,2.535,-0.745,Decreasing
D,LYS,302,LEU,2.208,-0.865,Decreasing
C,ILE,395,ALA,3.386,-1.252,Decreasing
D,ASP,178,PHE,3.153,0.088,Increasing
D,LEU,19,ASP,3.323,-1.716,Decreasing
D,LEU,266,HIS,4.439,-0.365,Decreasing
D,TYR,59,THR,3.226,-1.374,Decreasing
C,PHE,242,LEU,4.094,-1.16,Decreasing
C,GLU,29,TYR,2.535,-0.788,Decreasing
C,ASP,75,GLY,4.868,-0.782,Decreasing
D,ARG,168,ALA,4.573,-0.479,Decreasing
C,GLY,398,ILE,4.348,-0.115,Decreasing
D,PHE,268,GLY,2.937,-0.957,Decreasing
D,LEU,100,HIS,3.712,-0.094,Decreasing
D,SER,242,CYS,4.758,-0.324,Decreasing
C,PHE,408,PRO,2.899,-2.206,Decreasing
C,ALA,247,PHE,4.179,0.718,Increasing
D,MET,241,TRP,3.234,-0.362,Decreasing
C,ARG,52,PRO,4.432,-1.348,Decreasing
C,ARG,404,VAL,3.232,-0.515,Decreasing
D,ASN,167,PHE,4.855,-0.216,Decreasing
D,PRO,174,TYR,4.06,0.613,Increasing
C,MET,407,THR,2.631,-1.333,Decreasing
D,PRO,95,ILE,3.43,-0.893,Decreasing
C,PRO,394,TRP,3.281,1.199,Increasing
D,LEU,19,MET,3.323,-0.751,Decreasing
D,LEU,266,GLY,4.439,-0.762,Decreasing
D,GLN,171,THR,1.94,-0.283,Decreasing
D,ARG,168,PHE,4.573,-0.258,Decreasing
C,ARG,245,PHE,3.479,-0.25,Decreasing
C,SER,18,ARG,4.258,0.084,Increasing
C,ASP,11,SER,4.799,-0.832,Decreasing
C,THR,413,SER,3.15,-0.305,Decreasing
D,LEU,100,GLN,3.712,-0.899,Decreasing
C,PHE,408,TYR,2.899,-0.725,Decreasing
C,ASN,406,ALA,4.539,-0.764,Decreasing
C,PRO,394,MET,3.281,0.354,Increasing
D,ARG,165,GLU,3.853,0.674,Increasing
D,PRO,95,ASN,3.43,-0.994,Decreasing
D,LEU,194,ILE,3.335,-0.947,Decreasing
D,LEU,19,ARG,3.323,-1.125,Decreasing
D,GLN,171,SER,1.94,-0.406,Decreasing
D,TYR,59,PHE,3.226,-0.347,Decreasing
D,GLY,94,GLU,4.163,-1.053,Decreasing
C,GLU,29,SER,2.535,-1.585,Decreasing
D,ILE,146,PHE,3.287,0.266,Increasing
C,VAL,6,LEU,3.691,0.65,Increasing
D,ALA,161,ILE,4.63,0.397,Increasing
D,SER,237,ASP,4.236,-0.878,Decreasing
C,ALA,247,THR,4.179,0.087,Increasing
D,GLU,42,TYR,2.554,0.392,Increasing
C,ASN,12,GLU,4.573,-0.218,Decreasing
D,ARG,165,LEU,3.853,0.094,Increasing
D,PRO,95,GLY,3.43,-1.004,Decreasing
C,ILE,395,THR,3.386,-1.137,Decreasing
C,TYR,74,THR,3.175,-1.657,Decreasing
C,VAL,14,LYS,2.896,-0.167,Decreasing
C,TYR,410,GLY,2.554,-1.633,Decreasing
C,GLU,29,ASN,2.535,-1.538,Decreasing
C,ASN,15,GLU,2.902,-0.29,Decreasing
D,GLY,94,ASN,4.163,-0.724,Decreasing
D,ARG,168,THR,4.573,-0.502,Decreasing
D,ILE,146,TYR,3.287,0.592,Increasing
D,ALA,161,ASN,4.63,0.446,Increasing
C,ASP,11,ALA,4.799,-0.875,Decreasing
C,PHE,408,GLY,2.899,-1.645,Decreasing
D,CYS,150,LEU,3.194,-0.002,Decreasing
D,PRO,95,MET,3.43,-0.992,Decreasing
D,GLU,42,PRO,2.554,-0.319,Decreasing
C,GLU,36,ARG,4.384,-0.949,Decreasing
D,ARG,165,TRP,3.853,0.051,Increasing
D,TYR,175,MET,3.049,-1.583,Decreasing
D,ARG,21,GLY,3.213,-1.073,Decreasing
D,LEU,194,TRP,3.335,0.042,Increasing
D,GLN,171,ALA,1.94,-0.696,Decreasing
C,ASN,15,LEU,2.902,-0.35,Decreasing
D,GLY,94,TRP,4.163,-0.135,Decreasing
C,ASN,12,LYS,4.573,-0.28,Decreasing
D,LEU,33,MET,3.866,-1.174,Decreasing
D,ASN,167,GLN,4.855,-0.451,Decreasing
D,ILE,146,PRO,3.287,-0.683,Decreasing
C,SER,28,ILE,3.773,-0.507,Decreasing
C,TYR,410,GLN,2.554,-1.187,Decreasing
D,ALA,161,TRP,4.63,0.929,Increasing
D,ARG,264,ILE,4.367,-0.286,Decreasing
C,LEU,9,ARG,3.357,-1.056,Decreasing
C,PHE,408,LEU,2.899,-1.393,Decreasing
D,GLU,42,LYS,2.554,-0.768,Decreasing
D,ILE,66,SER,3.715,-0.707,Decreasing
D,GLY,147,LEU,4.616,-0.065,Decreasing
C,THR,244,CYS,3.234,0.252,Increasing
D,TYR,175,ASP,3.049,-1.617,Decreasing
C,GLU,29,ASP,2.535,-0.864,Decreasing
D,ARG,21,ASN,3.213,-0.686,Decreasing
C,VAL,14,TYR,2.896,0.577,Increasing
C,TYR,410,ILE,2.554,-1.296,Decreasing
C,ALA,247,MET,4.179,-0.106,Decreasing
D,GLN,171,HIS,1.94,-0.195,Decreasing
C,ASN,15,TRP,2.902,-0.099,Decreasing
D,GLU,177,TRP,2.776,-0.059,Decreasing
C,LEU,402,PHE,2.615,1.279,Increasing
D,LEU,47,CYS,4.047,-1.076,Decreasing
C,ASN,12,LEU,4.573,-0.026,Decreasing
C,TRP,16,PRO,4.06,-0.316,Decreasing
D,ALA,306,VAL,4.046,-0.035,Decreasing
C,PRO,76,CYS,3.522,-0.398,Decreasing
D,PHE,103,THR,3.443,-0.904,Decreasing
D,SER,242,THR,4.758,-0.054,Decreasing
D,GLU,238,ASN,3.342,-0.281,Decreasing
D,GLY,147,GLU,4.616,0.197,Increasing
D,ARG,165,TYR,3.853,0.105,Increasing
C,THR,244,HIS,3.234,-0.102,Decreasing
C,ARG,32,PRO,2.776,-1.76,Decreasing
D,ASN,167,GLY,4.855,-0.147,Decreasing
C,GLY,398,PRO,4.348,-0.705,Decreasing
C,PRO,76,ASP,3.522,-0.081,Decreasing
C,ARG,17,TRP,1.94,1.533,Increasing
C,PHE,243,CYS,3.431,0.271,Increasing
C,TYR,27,SER,3.153,-0.832,Decreasing
D,SER,242,HIS,4.758,0.017,Increasing
C,ASP,10,GLY,4.362,-0.447,Decreasing
D,GLU,234,ARG,3.175,-0.889,Decreasing
D,HIS,172,PHE,3.702,0.082,Increasing
D,GLU,238,ILE,3.342,0.528,Increasing
C,THR,244,GLN,3.234,-0.953,Decreasing
D,TYR,85,ARG,3.281,-1.272,Decreasing
D,TYR,175,ARG,3.049,-1.502,Decreasing
D,ILE,173,ASN,3.533,-0.075,Decreasing
C,GLU,29,PHE,2.535,-0.888,Decreasing
C,SER,246,GLN,4.846,-0.119,Decreasing
C,ASN,15,TYR,2.902,-0.004,Decreasing
C,ARG,32,ILE,2.776,-1.57,Decreasing
C,TRP,16,PHE,4.06,-0.728,Decreasing
D,THR,169,HIS,4.36,-0.184,Decreasing
C,PRO,76,MET,3.522,-0.725,Decreasing
C,SER,18,ILE,4.258,-0.002,Decreasing
D,ILE,196,TRP,3.388,0.573,Increasing
C,HIS,396,LEU,3.368,-0.469,Decreasing
D,ILE,66,ASP,3.715,-1.233,Decreasing
C,PHE,243,MET,3.431,0.255,Increasing
D,GLN,303,SER,3.15,-0.577,Decreasing
C,LEU,9,GLY,3.357,-1.551,Decreasing
C,PRO,394,VAL,3.281,0.363,Increasing
D,GLY,147,TRP,4.616,0.53,Increasing
C,THR,244,VAL,3.234,-0.628,Decreasing
D,LEU,58,THR,4.696,-0.322,Decreasing
D,ILE,173,ALA,3.533,-0.739,Decreasing
D,LEU,93,VAL,2.631,-0.33,Decreasing
C,ALA,405,PRO,2.837,-0.459,Decreasing
C,ARG,32,PHE,2.776,-0.832,Decreasing
D,TRP,298,TYR,3.49,-1.224,Decreasing
C,TRP,16,MET,4.06,-0.853,Decreasing
C,SER,28,TRP,3.773,-0.06,Decreasing
D,TYR,164,GLY,4.01,-0.715,Decreasing
D,THR,169,GLY,4.36,-0.747,Decreasing
D,ASP,166,MET,2.626,-0.788,Decreasing
C,PRO,76,VAL,3.522,-0.241,Decreasing
D,ILE,190,TRP,3.852,0.138,Increasing
D,ILE,196,HIS,3.388,-0.821,Decreasing
C,PRO,412,VAL,3.194,-0.586,Decreasing
C,GLU,30,ALA,4.199,-1.135,Decreasing
C,TYR,27,GLU,3.153,-1.053,Decreasing
D,SER,237,MET,4.236,-0.242,Decreasing
D,LYS,235,VAL,3.903,-0.945,Decreasing
D,GLN,303,THR,3.15,-0.542,Decreasing
D,GLU,234,LEU,3.175,-0.267,Decreasing
C,LEU,33,CYS,2.215,-0.638,Decreasing
D,GLY,147,PRO,4.616,-0.153,Decreasing
D,TYR,85,ASP,3.281,-1.252,Decreasing
D,ILE,23,MET,3.877,-0.975,Decreasing
C,LEU,399,ILE,3.323,-1.341,Decreasing
C,GLU,409,LYS,4.313,-0.76,Decreasing
D,TYR,164,ASN,4.01,-0.699,Decreasing
C,ASP,75,THR,4.868,-0.63,Decreasing
C,HIS,396,VAL,3.368,-0.559,Decreasing
D,ILE,190,LEU,3.852,-0.54,Decreasing
D,ASP,99,GLY,3.755,-0.79,Decreasing
D,ILE,196,ALA,3.388,-1.633,Decreasing
C,GLU,30,HIS,4.199,-0.4,Decreasing
C,HIS,13,GLN,2.626,-0.899,Decreasing
C,CYS,8,ARG,3.495,-0.048,Decreasing
D,GLN,303,MET,3.15,-0.52,Decreasing
D,GLU,234,GLY,3.175,-0.672,Decreasing
C,ARG,52,ILE,4.432,-0.788,Decreasing
D,GLU,238,ARG,3.342,0.547,Increasing
D,TYR,85,MET,3.281,-1.138,Decreasing
D,HIS,172,THR,3.702,-0.408,Decreasing
D,ILE,173,SER,3.533,-0.081,Decreasing
D,ARG,176,ALA,3.78,-0.629,Decreasing
D,ILE,23,PHE,3.877,-0.2,Decreasing
D,ASN,191,LYS,4.146,-1.045,Decreasing
D,LEU,93,HIS,2.631,-0.442,Decreasing
C,VAL,6,GLY,3.691,-0.591,Decreasing
C,SER,246,PHE,4.846,0.217,Increasing
C,GLN,5,THR,2.364,-0.38,Decreasing
D,THR,299,ARG,4.187,-0.328,Decreasing
C,GLU,409,PRO,4.313,-0.172,Decreasing
D,TRP,298,LYS,3.49,-1.454,Decreasing
D,TYR,164,ILE,4.01,-1.012,Decreasing
D,VAL,20,TRP,2.615,-0.266,Decreasing
D,ASP,166,CYS,2.626,-0.835,Decreasing
D,ILE,190,GLU,3.852,-0.645,Decreasing
D,ASP,99,LEU,3.755,-0.377,Decreasing
D,PHE,132,ASP,3.357,-1.168,Decreasing
C,GLU,30,SER,4.199,-0.275,Decreasing
C,PRO,394,GLU,3.281,0.327,Increasing
C,CYS,8,MET,3.495,0.075,Increasing
D,GLN,303,PHE,3.15,-0.136,Decreasing
C,THR,413,ILE,3.15,-0.532,Decreasing
C,LEU,33,GLN,2.215,-0.452,Decreasing
D,ILE,66,LYS,3.715,-0.192,Decreasing
D,ARG,176,HIS,3.78,-0.425,Decreasing
D,LEU,93,ALA,2.631,-0.658,Decreasing
C,SER,246,MET,4.846,0.92,Increasing
C,SER,28,PHE,3.773,-0.254,Decreasing
C,TYR,74,MET,3.175,-1.687,Decreasing
C,GLU,409,TYR,4.313,-0.033,Decreasing
C,GLU,403,ASN,2.903,-0.942,Decreasing
C,LEU,402,TRP,2.615,0.112,Increasing
D,GLU,269,GLN,4.753,-0.818,Decreasing
D,TYR,164,PRO,4.01,-0.753,Decreasing
C,HIS,396,ASP,3.368,-1.03,Decreasing
C,GLU,53,TRP,1.196,0.3,Increasing
C,PRO,394,ASN,3.281,0.088,Increasing
D,GLN,231,VAL,4.53,-0.302,Decreasing
C,GLU,403,GLY,2.903,-0.835,Decreasing
C,HIS,13,CYS,2.626,-0.858,Decreasing
D,LYS,22,TRP,2.837,-0.254,Decreasing
D,LYS,235,ILE,3.903,-0.545,Decreasing
D,LYS,302,GLN,2.208,-1.138,Decreasing
D,LYS,83,GLN,3.702,-0.674,Decreasing
D,LEU,33,CYS,3.866,-1.257,Decreasing
D,TYR,32,THR,3.746,-1.524,Decreasing
D,ILE,66,ARG,3.715,-0.63,Decreasing
D,ARG,176,SER,3.78,-0.408,Decreasing
D,ILE,23,PRO,3.877,-2.496,Decreasing
D,ASN,191,TYR,4.146,-0.296,Decreasing
D,SER,237,THR,4.236,-0.762,Decreasing
C,LEU,399,VAL,3.323,-1.44,Decreasing
C,GLN,5,PHE,2.364,-0.081,Decreasing
C,TYR,74,ASP,3.175,-1.67,Decreasing
C,MET,407,GLY,2.631,-1.588,Decreasing
D,LEU,63,LYS,3.913,-0.617,Decreasing
D,GLU,269,HIS,4.753,-0.215,Decreasing
D,VAL,20,ALA,2.615,-0.847,Decreasing
D,ASP,166,GLN,2.626,-1.057,Decreasing
C,GLU,53,LEU,1.196,-0.021,Decreasing
C,GLY,398,TRP,4.348,0.24,Increasing
D,PHE,132,VAL,3.357,-0.166,Decreasing
D,LEU,58,TRP,4.696,0.081,Increasing
C,ARG,404,MET,3.232,-0.777,Decreasing
C,GLY,398,ALA,4.348,-0.382,Decreasing
D,GLY,159,ASP,4.292,-0.778,Decreasing
D,ASP,178,ARG,3.153,-0.745,Decreasing
D,GLN,56,CYS,2.364,-0.368,Decreasing
D,TYR,32,MET,3.746,-1.695,Decreasing
C,ASP,75,LEU,4.868,-0.107,Decreasing
D,ILE,66,TYR,3.715,0.61,Increasing
C,LEU,411,SER,2.208,-1.271,Decreasing
C,ASP,10,SER,4.362,-0.706,Decreasing
D,THR,299,GLY,4.187,-0.734,Decreasing
C,SER,18,CYS,4.258,-0.378,Decreasing
D,GLU,269,GLY,4.753,-1.233,Decreasing
D,PHE,132,GLN,3.357,-0.923,Decreasing
D,GLU,177,ASN,2.776,-0.892,Decreasing
D,MET,241,CYS,3.234,-1.059,Decreasing
D,GLN,231,ASP,4.53,-0.047,Decreasing
C,HIS,13,MET,2.626,-0.608,Decreasing
D,LYS,22,ALA,2.837,-0.721,Decreasing
D,GLY,159,CYS,4.292,-1.022,Decreasing
D,LYS,302,CYS,2.208,-0.998,Decreasing
D,LYS,83,CYS,3.702,-0.664,Decreasing
C,VAL,6,TRP,3.691,0.698,Increasing
C,PHE,242,ALA,4.094,-1.001,Decreasing
C,LEU,411,HIS,2.208,-0.873,Decreasing
D,ASN,191,TRP,4.146,-0.201,Decreasing
D,ALA,306,CYS,4.046,-0.026,Decreasing
D,THR,299,ASN,4.187,-0.075,Decreasing
C,ALA,405,TYR,2.837,1.027,Increasing
D,ARG,267,CYS,1.196,-1.074,Decreasing
C,GLU,403,VAL,2.903,-0.471,Decreasing
D,PHE,268,ARG,2.937,-0.738,Decreasing
D,LEU,92,LYS,3.719,-0.838,Decreasing
D,LEU,100,GLU,3.712,-1.589,Decreasing
C,GLN,5,MET,2.364,0.419,Increasing
C,PRO,394,TYR,3.281,0.979,Increasing
D,LYS,62,GLU,3.691,-0.609,Decreasing
C,ALA,405,GLY,2.837,-0.464,Decreasing
D,GLN,231,MET,4.53,-0.307,Decreasing
D,PRO,174,LEU,4.06,-0.527,Decreasing
D,LYS,22,HIS,2.837,-0.218,Decreasing
C,GLY,398,ASN,4.348,-0.178,Decreasing
C,ILE,395,LYS,3.386,-0.811,Decreasing
D,ASP,178,LEU,3.153,-0.464,Decreasing
D,LYS,22,PHE,2.837,-0.3,Decreasing
D,PHE,11,ASN,3.625,-1.262,Decreasing
D,LYS,83,ASP,3.702,-0.181,Decreasing
D,TYR,32,CYS,3.746,-1.772,Decreasing
D,TYR,59,ARG,3.226,-0.271,Decreasing
C,LEU,411,ALA,2.208,-1.402,Decreasing
D,SER,237,LYS,4.236,-0.424,Decreasing
C,GLY,398,HIS,4.348,-0.017,Decreasing
C,ARG,245,GLN,3.479,-0.633,Decreasing
D,PHE,268,ILE,2.937,-0.931,Decreasing
C,ASN,406,VAL,4.539,-0.413,Decreasing
D,LEU,58,HIS,4.696,0.31,Increasing
C,ARG,404,PRO,3.232,-1.268,Decreasing
D,PRO,174,GLY,4.06,-0.734,Decreasing
D,GLY,159,GLN,4.292,-0.771,Decreasing
D,ARG,201,TRP,2.535,0.211,Increasing
D,LYS,302,MET,2.208,-0.786,Decreasing
D,ASP,178,GLY,3.153,-0.705,Decreasing
D,PHE,11,GLY,3.625,-1.497,Decreasing
D,LEU,19,GLY,3.323,-1.347,Decreasing
D,LEU,266,ILE,4.439,-0.585,Decreasing
D,LEU,33,PRO,3.866,-2.111,Decreasing
C,ARG,245,HIS,3.479,-0.411,Decreasing
D,LEU,100,LYS,3.712,-0.854,Decreasing
C,PHE,408,SER,2.899,-1.227,Decreasing
C,SER,28,MET,3.773,-0.508,Decreasing
D,MET,241,THR,3.234,-1.05,Decreasing
C,TYR,410,CYS,2.554,-1.222,Decreasing
C,GLU,36,PHE,4.384,-0.017,Decreasing
C,ASP,10,ILE,4.362,-0.234,Decreasing
C,MET,407,SER,2.631,-1.3,Decreasing
D,PRO,95,HIS,3.43,1.008,Increasing
C,ILE,395,TYR,3.386,0.229,Increasing
C,TYR,410,THR,2.554,-1.151,Decreasing
D,LYS,163,PRO,3.495,-1.15,Decreasing
D,TYR,59,LEU,3.226,-1.431,Decreasing
D,GLY,94,CYS,4.163,-0.895,Decreasing
C,PHE,242,THR,4.094,-0.956,Decreasing
D,LYS,163,CYS,3.495,-0.774,Decreasing
D,ARG,168,ILE,4.573,-0.38,Decreasing
C,ALA,247,CYS,4.179,-0.099,Decreasing
D,ILE,146,LEU,3.287,-0.41,Decreasing
C,ARG,245,GLY,3.479,-0.93,Decreasing
C,VAL,6,MET,3.691,-0.261,Decreasing
D,ALA,161,CYS,4.63,0.562,Increasing
C,ASP,11,THR,4.799,-0.573,Decreasing
C,THR,413,ARG,3.15,-0.051,Decreasing
D,ALA,306,ASP,4.046,0.213,Increasing
D,LEU,100,PRO,3.712,-1.003,Decreasing
C,SER,28,ARG,3.773,-0.156,Decreasing
D,PRO,174,GLN,4.06,0.065,Increasing
C,CYS,8,ASP,3.495,-0.332,Decreasing
D,PRO,95,ALA,3.43,-1.15,Decreasing
C,VAL,14,MET,2.896,0.685,Increasing
D,LYS,163,TYR,3.495,0.379,Increasing
D,TYR,59,GLY,3.226,-1.508,Decreasing
D,GLY,94,ASP,4.163,-0.916,Decreasing
D,ARG,168,ASN,4.573,-0.293,Decreasing
D,ILE,146,GLY,3.287,-0.791,Decreasing
C,ARG,17,LEU,1.94,-0.592,Decreasing
D,ALA,161,HIS,4.63,0.992,Increasing
C,ASP,11,LYS,4.799,-0.329,Decreasing
D,ARG,264,THR,4.367,-0.282,Decreasing
D,LEU,100,TYR,3.712,0.592,Increasing
C,PHE,408,ALA,2.899,-1.408,Decreasing
C,ASN,406,ILE,4.539,-0.293,Decreasing
C,THR,413,GLY,3.15,-0.587,Decreasing
C,GLU,36,THR,4.384,-0.94,Decreasing
D,ARG,165,MET,3.853,-0.412,Decreasing
D,PRO,95,PHE,3.43,-0.1,Decreasing
C,ILE,395,TRP,3.386,0.377,Increasing
C,TYR,410,PHE,2.554,-0.946,Decreasing
D,LEU,266,VAL,4.439,-0.695,Decreasing
D,GLY,94,MET,4.163,-0.667,Decreasing
C,ASN,12,ALA,4.573,0.178,Increasing
C,HIS,396,TRP,3.368,0.21,Increasing
D,ARG,168,TRP,4.573,-0.012,Decreasing
C,ARG,17,LYS,1.94,-0.269,Decreasing
D,LEU,194,GLU,3.335,-1.614,Decreasing
D,ALA,161,GLN,4.63,0.297,Increasing
D,ARG,264,SER,4.367,-0.342,Decreasing
D,CYS,150,LYS,3.194,0.031,Increasing
D,GLU,42,GLN,2.554,-0.523,Decreasing
C,GLU,36,SER,4.384,-0.82,Decreasing
C,THR,413,ALA,3.15,-0.511,Decreasing
D,ARG,165,THR,3.853,0.094,Increasing
D,TYR,175,ASN,3.049,-1.491,Decreasing
D,GLN,171,TRP,1.94,0.405,Increasing
C,VAL,14,CYS,2.896,-0.526,Decreasing
D,LYS,163,GLY,3.495,-0.874,Decreasing
C,ASN,15,MET,2.902,-0.497,Decreasing
D,LEU,58,PHE,4.696,0.374,Increasing
D,GLY,94,VAL,4.163,-0.675,Decreasing
D,ASN,167,ARG,4.855,-0.083,Decreasing
D,ILE,146,GLN,3.287,-0.578,Decreasing
D,ALA,161,VAL,4.63,0.02,Increasing
C,THR,413,GLU,3.15,-0.274,Decreasing
C,LEU,9,SER,3.357,-1.156,Decreasing
D,CYS,150,THR,3.194,-0.172,Decreasing
D,PHE,103,ARG,3.443,-0.87,Decreasing
D,GLU,42,HIS,2.554,-0.034,Decreasing
D,GLY,147,LYS,4.616,-0.142,Decreasing
D,TYR,175,GLU,3.049,-1.607,Decreasing
C,TYR,410,HIS,2.554,0.661,Increasing
D,LYS,163,LEU,3.495,-0.739,Decreasing
C,ASN,15,THR,2.902,-0.405,Decreasing
C,LEU,402,ALA,2.615,-0.939,Decreasing
C,ASN,12,SER,4.573,0.336,Increasing
C,TRP,16,GLN,4.06,-0.103,Decreasing
D,ASN,167,TYR,4.855,-0.16,Decreasing
C,ARG,17,TYR,1.94,-0.486,Decreasing
D,ARG,264,ALA,4.367,-0.354,Decreasing
D,GLU,234,PHE,3.175,0.077,Increasing
D,GLU,42,CYS,2.554,-0.915,Decreasing
D,SER,242,TRP,4.758,0.104,Increasing
D,GLY,147,ASP,4.616,0.168,Increasing
C,THR,244,LYS,3.234,-0.86,Decreasing
D,ARG,21,VAL,3.213,-0.945,Decreasing
C,VAL,14,GLN,2.896,-0.363,Decreasing
C,ARG,32,SER,2.776,-1.708,Decreasing
D,LEU,47,LYS,4.047,-0.795,Decreasing
D,TRP,298,THR,3.49,-1.44,Decreasing
C,ASN,12,THR,4.573,-0.432,Decreasing
C,PRO,76,LYS,3.522,-0.165,Decreasing
C,ARG,17,PRO,1.94,-1.024,Decreasing
C,HIS,396,MET,3.368,-0.548,Decreasing
C,PRO,412,ALA,3.194,-0.795,Decreasing
D,ILE,66,CYS,3.715,-0.641,Decreasing
C,PHE,243,LEU,3.431,-1.16,Decreasing
C,TYR,27,PRO,3.153,-2.121,Decreasing
D,GLN,303,TYR,3.15,-0.099,Decreasing
C,LEU,9,MET,3.357,-1.039,Decreasing
D,PHE,103,LEU,3.443,-0.911,Decreasing
D,GLU,234,SER,3.175,-0.609,Decreasing
D,GLU,238,PHE,3.342,0.281,Increasing
C,THR,244,PRO,3.234,-0.403,Decreasing
D,TYR,85,GLN,3.281,-1.176,Decreasing
D,TYR,175,SER,3.049,-1.371,Decreasing
C,SER,246,ARG,4.846,0.127,Increasing
C,GLU,409,ASP,4.313,0.772,Increasing
C,ALA,405,GLN,2.837,0.145,Increasing
C,ARG,32,HIS,2.776,-0.544,Decreasing
D,LEU,47,ARG,4.047,-0.876,Decreasing
D,LYS,163,HIS,3.495,-0.031,Decreasing
C,TRP,16,GLY,4.06,-0.82,Decreasing
C,SER,28,THR,3.773,-0.531,Decreasing
D,THR,169,ILE,4.36,-0.64,Decreasing
C,PRO,76,LEU,3.522,-0.066,Decreasing
D,ILE,190,TYR,3.852,0.202,Increasing
D,ILE,196,VAL,3.388,-0.659,Decreasing
C,PRO,412,HIS,3.194,-0.469,Decreasing
C,GLU,30,GLY,4.199,-0.752,Decreasing
C,TYR,27,LYS,3.153,-0.869,Decreasing
D,GLN,303,ARG,3.15,0.188,Increasing
C,LEU,9,ASP,3.357,-1.594,Decreasing
D,PHE,103,GLY,3.443,-0.954,Decreasing
D,SER,242,GLU,4.758,0.055,Increasing
C,LEU,33,MET,2.215,0.57,Increasing
D,GLU,238,ALA,3.342,-0.409,Decreasing
D,GLY,147,VAL,4.616,-0.239,Decreasing
C,THR,244,TYR,3.234,-0.056,Decreasing
C,ALA,405,HIS,2.837,0.462,Increasing
D,ILE,173,PHE,3.533,0.579,Increasing
D,ILE,23,LYS,3.877,-1.012,Decreasing
C,SER,246,TYR,4.846,0.044,Increasing
C,GLU,409,MET,4.313,-0.312,Decreasing
C,ARG,32,ALA,2.776,-1.759,Decreasing
D,TRP,298,PHE,3.49,-1.191,Decreasing
C,TRP,16,ASN,4.06,-1.12,Decreasing
C,GLU,403,MET,2.903,-0.45,Decreasing
D,TYR,164,ASP,4.01,-0.705,Decreasing
D,ASP,166,LEU,2.626,-0.832,Decreasing
D,ILE,190,VAL,3.852,-0.118,Decreasing
D,ASP,99,ALA,3.755,-0.707,Decreasing
C,PHE,243,ARG,3.431,-0.922,Decreasing
C,PRO,412,TRP,3.194,0.574,Increasing
C,GLU,30,ASN,4.199,-1.053,Decreasing
C,ALA,405,THR,2.837,0.358,Increasing
C,SER,28,GLU,3.773,-0.461,Decreasing
D,GLN,303,LYS,3.15,-0.453,Decreasing
D,ARG,201,GLY,2.535,-0.903,Decreasing
D,GLU,234,MET,3.175,-0.152,Decreasing
C,LEU,33,ASP,2.215,-0.851,Decreasing
D,TYR,85,CYS,3.281,-1.131,Decreasing
D,ILE,173,TYR,3.533,0.342,Increasing
D,ILE,23,LEU,3.877,0.182,Increasing
D,LEU,93,ASN,2.631,-0.63,Decreasing
D,TRP,298,ALA,3.49,-1.512,Decreasing
D,ASP,166,GLU,2.626,-0.594,Decreasing
D,ASP,99,PHE,3.755,-0.106,Decreasing
C,GLU,30,ILE,4.199,-0.627,Decreasing
C,HIS,13,VAL,2.626,-0.589,Decreasing
C,PRO,394,PHE,3.281,1.088,Increasing
C,CYS,8,SER,3.495,0.41,Increasing
D,GLN,303,LEU,3.15,-0.502,Decreasing
D,HIS,172,ILE,3.702,-0.309,Decreasing
C,ARG,52,HIS,4.432,-0.713,Decreasing
D,GLN,56,TRP,2.364,-0.368,Decreasing
D,GLU,238,SER,3.342,-0.405,Decreasing
D,TYR,85,LEU,3.281,-1.084,Decreasing
D,ILE,66,GLU,3.715,-0.942,Decreasing
D,ILE,173,PRO,3.533,-0.603,Decreasing
D,ARG,176,PHE,3.78,-0.442,Decreasing
D,ILE,23,GLU,3.877,-1.241,Decreasing
D,LEU,93,GLY,2.631,-0.81,Decreasing
C,LEU,399,ALA,3.323,-1.551,Decreasing
C,SER,246,GLY,4.846,-0.601,Decreasing
C,SER,28,GLY,3.773,-0.877,Decreasing
D,THR,299,SER,4.187,-0.368,Decreasing
C,GLU,409,SER,4.313,-0.809,Decreasing
C,VAL,6,GLU,3.691,-0.403,Decreasing
D,LEU,58,ILE,4.696,-0.386,Decreasing
D,TRP,298,HIS,3.49,-1.133,Decreasing
D,TYR,164,VAL,4.01,-0.797,Decreasing
D,THR,169,VAL,4.36,-0.231,Decreasing
C,ARG,404,SER,3.232,0.222,Increasing
D,ILE,190,ASP,3.852,-0.595,Decreasing
D,PHE,132,GLU,3.357,-1.095,Decreasing
D,GLN,231,PRO,4.53,-0.268,Decreasing
C,GLU,30,PRO,4.199,-0.264,Decreasing
C,HIS,13,TYR,2.626,-0.055,Decreasing
D,LYS,235,GLY,3.903,-0.633,Decreasing
D,GLN,303,GLU,3.15,0.086,Increasing
C,LEU,33,ARG,2.215,-0.457,Decreasing
D,GLN,56,PRO,2.364,-0.382,Decreasing
C,VAL,6,ALA,3.691,-0.407,Decreasing
D,ILE,66,LEU,3.715,-0.236,Decreasing
D,ARG,176,ILE,3.78,-0.475,Decreasing
D,ASN,191,CYS,4.146,-0.601,Decreasing
D,HIS,172,TRP,3.702,0.29,Increasing
C,GLN,5,LEU,2.364,-0.509,Decreasing
D,LEU,63,MET,3.913,-1.012,Decreasing
D,GLU,269,ARG,4.753,-0.659,Decreasing
D,TYR,164,GLN,4.01,-0.591,Decreasing
C,GLY,398,VAL,4.348,-0.172,Decreasing
C,HIS,396,GLY,3.368,-0.035,Decreasing
C,GLU,53,VAL,1.196,-0.2,Decreasing
D,ASP,99,THR,3.755,-0.513,Decreasing
D,PHE,132,LEU,3.357,-1.177,Decreasing
D,GLN,231,TYR,4.53,-0.015,Decreasing
C,GLU,403,PHE,2.903,-0.026,Decreasing
D,LYS,22,THR,2.837,-0.038,Decreasing
D,LYS,235,HIS,3.903,-0.441,Decreasing
D,LYS,302,VAL,2.208,-0.921,Decreasing
C,ARG,52,CYS,4.432,-0.879,Decreasing
D,GLN,56,ILE,2.364,-0.493,Decreasing
D,LYS,83,PRO,3.702,-0.397,Decreasing
D,TYR,32,TRP,3.746,0.221,Increasing
D,HIS,172,CYS,3.702,-0.501,Decreasing
D,ARG,176,PRO,3.78,-0.874,Decreasing
D,ILE,23,TRP,3.877,-0.28,Decreasing
D,SER,237,TRP,4.236,-0.168,Decreasing
C,LEU,399,TRP,3.323,0.068,Increasing
C,GLN,5,GLU,2.364,-0.083,Decreasing
C,TYR,74,GLU,3.175,-1.734,Decreasing
D,LEU,63,ASP,3.913,-1.232,Decreasing
D,ARG,267,THR,1.196,-0.33,Decreasing
D,GLU,269,ILE,4.753,-0.655,Decreasing
D,LEU,92,VAL,3.719,-0.879,Decreasing
D,ASP,166,PRO,2.626,-0.815,Decreasing
D,PHE,132,TRP,3.357,0.179,Increasing
D,LYS,62,PRO,3.691,-0.58,Decreasing
C,ARG,404,LEU,3.232,-0.606,Decreasing
C,THR,413,TYR,3.15,-0.005,Decreasing
C,HIS,13,LYS,2.626,-0.465,Decreasing
D,GLY,159,GLU,4.292,-0.703,Decreasing
D,LYS,302,TYR,2.208,-0.446,Decreasing
D,ASP,178,SER,3.153,-0.836,Decreasing
D,PHE,11,SER,3.625,-1.219,Decreasing
D,LYS,83,ILE,3.702,-0.45,Decreasing
D,TYR,32,LEU,3.746,-1.672,Decreasing
C,VAL,6,THR,3.691,-0.269,Decreasing
C,LEU,411,ARG,2.208,-0.986,Decreasing
D,ASN,191,GLN,4.146,-0.611,Decreasing
C,ASP,10,ARG,4.362,-0.185,Decreasing
D,THR,299,ASP,4.187,-0.572,Decreasing
D,LEU,63,CYS,3.913,-0.928,Decreasing
D,ARG,267,MET,1.196,-0.871,Decreasing
D,PHE,268,THR,2.937,-0.661,Decreasing
D,LEU,92,MET,3.719,-0.631,Decreasing
D,VAL,20,ILE,2.615,-0.252,Decreasing
C,GLU,53,ASP,1.196,0.254,Increasing
C,ARG,404,GLU,3.232,-1.081,Decreasing
D,GLN,231,GLY,4.53,-0.228,Decreasing
D,ARG,168,CYS,4.573,-0.757,Decreasing
D,GLY,159,LEU,4.292,-0.85,Decreasing
D,PHE,11,THR,3.625,-1.211,Decreasing
D,TYR,32,GLU,3.746,-1.824,Decreasing
C,LEU,411,LYS,2.208,-0.967,Decreasing
D,ASN,191,VAL,4.146,-0.5,Decreasing
D,SER,237,GLU,4.236,-0.66,Decreasing
C,TYR,74,TRP,3.175,-0.632,Decreasing
C,MET,407,HIS,2.631,-0.653,Decreasing
D,PHE,268,SER,2.937,-0.651,Decreasing
D,LEU,92,ASP,3.719,-1.21,Decreasing
D,LEU,100,ASP,3.712,-1.535,Decreasing
D,SER,242,ALA,4.758,-0.158,Decreasing
D,PHE,132,TYR,3.357,-0.371,Decreasing
D,GLU,177,VAL,2.776,-0.714,Decreasing
D,MET,241,LYS,3.234,-0.502,Decreasing
C,ALA,405,PHE,2.837,0.914,Increasing
D,GLN,231,LEU,4.53,-0.144,Decreasing
D,PRO,174,MET,4.06,-0.626,Decreasing
D,TYR,85,TRP,3.281,-0.276,Decreasing
D,LYS,22,ILE,2.837,-0.531,Decreasing
D,GLY,159,LYS,4.292,-0.641,Decreasing
D,ARG,201,TYR,2.535,-0.187,Decreasing
D,ASP,178,MET,3.153,-0.407,Decreasing
D,PHE,11,MET,3.625,-1.247,Decreasing
D,LEU,19,ALA,3.323,-1.297,Decreasing
D,TYR,59,SER,3.226,-1.383,Decreasing
C,PHE,242,ILE,4.094,-1.15,Decreasing
D,ALA,306,LYS,4.046,0.227,Increasing
C,ASP,75,TYR,4.868,0.56,Increasing
C,HIS,396,GLU,3.368,-0.962,Decreasing
D,LEU,92,CYS,3.719,-0.933,Decreasing
C,PHE,243,ASP,3.431,-1.369,Decreasing
D,LEU,100,MET,3.712,-1.068,Decreasing
C,SER,18,THR,4.258,0.883,Increasing
C,ALA,247,LYS,4.179,0.236,Increasing
D,GLU,177,TYR,2.776,0.017,Increasing
D,MET,241,ARG,3.234,-0.092,Decreasing
C,TYR,410,ASP,2.554,-1.454,Decreasing
C,GLU,36,HIS,4.384,-0.213,Decreasing
D,PRO,174,ASP,4.06,0.207,Increasing
D,GLY,159,ARG,4.292,-0.733,Decreasing
D,ARG,201,VAL,2.535,-0.777,Decreasing
C,ILE,395,CYS,3.386,-0.886,Decreasing
D,LEU,19,PHE,3.323,1.221,Increasing
C,PHE,242,ASN,4.094,-0.944,Decreasing
C,GLU,29,GLN,2.535,-1.635,Decreasing
D,LEU,33,SER,3.866,-1.161,Decreasing
C,ARG,245,ILE,3.479,-0.524,Decreasing
C,LEU,402,MET,2.615,-0.847,Decreasing
D,PHE,268,ALA,2.937,-0.903,Decreasing
C,ASP,10,LEU,4.362,-0.249,Decreasing
C,PHE,408,ARG,2.899,-1.367,Decreasing
C,SER,28,LEU,3.773,-0.501,Decreasing
C,GLU,36,GLY,4.384,-0.865,Decreasing
D,GLY,159,TYR,4.292,-0.418,Decreasing
D,PRO,95,LYS,3.43,-0.201,Decreasing
C,TYR,74,VAL,3.175,-1.713,Decreasing
D,LEU,194,ASP,3.335,-1.638,Decreasing
D,ARG,168,TYR,4.573,-0.192,Decreasing
D,LEU,266,ALA,4.439,-0.73,Decreasing
D,GLN,171,VAL,1.94,-0.488,Decreasing
D,TYR,59,MET,3.226,-1.634,Decreasing
D,LYS,62,ARG,3.691,0.168,Increasing
C,PHE,242,TRP,4.094,-0.437,Decreasing
D,ARG,168,HIS,4.573,-0.19,Decreasing
D,ILE,146,MET,3.287,-0.623,Decreasing
C,THR,413,GLN,3.15,-0.249,Decreasing
D,LEU,100,SER,3.712,-1.051,Decreasing
C,ASN,406,GLY,4.539,-0.03,Decreasing
D,PRO,174,VAL,4.06,-0.569,Decreasing
D,ARG,165,CYS,3.853,-0.061,Decreasing
D,ARG,201,ASP,2.535,-0.518,Decreasing
C,ILE,395,GLN,3.386,-0.922,Decreasing
C,ARG,52,ASP,4.432,-0.795,Decreasing
C,VAL,14,LEU,2.896,0.21,Increasing
D,LEU,194,LYS,3.335,-0.377,Decreasing
D,LEU,19,THR,3.323,-1.027,Decreasing
C,GLU,29,ILE,2.535,-1.469,Decreasing
D,TYR,59,ASP,3.226,-1.802,Decreasing
D,GLY,94,LYS,4.163,-0.946,Decreasing
C,HIS,396,THR,3.368,-0.728,Decreasing
D,ARG,168,GLN,4.573,0.375,Increasing
D,ILE,146,ASP,3.287,-0.346,Decreasing
C,SER,18,GLU,4.258,-0.296,Decreasing
C,ARG,17,MET,1.94,-0.697,Decreasing
C,TYR,410,SER,2.554,-1.188,Decreasing
D,ALA,161,LYS,4.63,0.433,Increasing
C,ASP,11,LEU,4.799,-0.131,Decreasing
D,LEU,58,ALA,4.696,-0.69,Decreasing
D,CYS,150,ALA,3.194,-0.188,Decreasing
C,ASN,406,HIS,4.539,-0.023,Decreasing
D,HIS,172,ALA,3.702,-0.568,Decreasing
D,TYR,175,HIS,3.049,-1.604,Decreasing
C,ILE,395,VAL,3.386,0.38,Increasing
D,LYS,163,SER,3.495,-0.689,Decreasing
C,VAL,14,GLU,2.896,-0.667,Decreasing
D,LEU,194,ARG,3.335,-0.59,Decreasing
D,LEU,266,TRP,4.439,-0.223,Decreasing
D,GLN,171,ASP,1.94,-0.064,Decreasing
C,ASN,15,CYS,2.902,-0.441,Decreasing
D,GLU,177,GLN,2.776,-1.075,Decreasing
D,GLY,94,LEU,4.163,-0.63,Decreasing
D,ARG,168,VAL,4.573,-0.424,Decreasing
D,ASN,167,THR,4.855,-0.388,Decreasing
C,ARG,17,ASP,1.94,-0.918,Decreasing
D,ALA,161,PRO,4.63,-0.526,Decreasing
C,ASP,11,CYS,4.799,-0.544,Decreasing
D,ARG,264,LEU,4.367,-0.287,Decreasing
C,CYS,8,THR,3.495,-0.144,Decreasing
C,LEU,9,TYR,3.357,-0.297,Decreasing
C,PHE,408,ILE,2.899,-1.416,Decreasing
D,GLU,42,VAL,2.554,-0.766,Decreasing
D,ARG,21,ALA,3.213,-1.038,Decreasing
D,LEU,194,TYR,3.335,0.967,Increasing
D,GLN,171,CYS,1.94,-0.515,Decreasing
C,LEU,402,LYS,2.615,-0.783,Decreasing
D,LEU,47,PHE,4.047,1.118,Increasing
C,ASN,12,ILE,4.573,-0.103,Decreasing
D,ASN,167,SER,4.855,-0.193,Decreasing
D,ILE,146,VAL,3.287,-0.689,Decreasing
C,ARG,17,CYS,1.94,-0.68,Decreasing
D,ALA,161,TYR,4.63,1.024,Increasing
D,ARG,264,LYS,4.367,-0.322,Decreasing
D,SER,242,ASN,4.758,0.069,Increasing
C,PHE,408,ASN,2.899,-1.185,Decreasing
D,CYS,150,SER,3.194,0.014,Increasing
D,PHE,103,SER,3.443,-0.872,Decreasing
D,GLU,42,ILE,2.554,-0.351,Decreasing
C,THR,244,GLU,3.234,-0.687,Decreasing
D,TYR,175,PHE,3.049,-1.151,Decreasing
D,ARG,21,HIS,3.213,-0.491,Decreasing
D,LEU,47,ALA,4.047,-0.945,Decreasing
C,ASN,12,ARG,4.573,-0.08,Decreasing
C,TRP,16,ARG,4.06,-1.207,Decreasing
C,PRO,76,ALA,3.522,-0.738,Decreasing
C,THR,413,MET,3.15,-0.543,Decreasing
C,TYR,27,VAL,3.153,-0.99,Decreasing
C,LEU,9,LYS,3.357,-0.971,Decreasing
D,GLU,234,TYR,3.175,0.095,Increasing
D,GLU,238,LEU,3.342,0.053,Increasing
D,GLY,147,CYS,4.616,-0.259,Decreasing
D,GLU,177,PHE,2.776,-0.013,Decreasing
D,ARG,21,TRP,3.213,-0.516,Decreasing
C,VAL,14,PRO,2.896,-0.382,Decreasing
D,LEU,47,HIS,4.047,-0.494,Decreasing
D,LYS,163,ILE,3.495,-0.605,Decreasing
C,TRP,16,TYR,4.06,-0.836,Decreasing
C,ALA,247,TYR,4.179,0.76,Increasing
D,ASN,167,ALA,4.855,-0.259,Decreasing
C,ARG,17,GLN,1.94,-0.623,Decreasing
C,PHE,243,ALA,3.431,-0.843,Decreasing
C,TYR,27,GLN,3.153,-0.886,Decreasing
C,ASP,10,GLU,4.362,0.938,Increasing
D,PHE,103,MET,3.443,-0.942,Decreasing
D,GLU,234,PRO,3.175,0.211,Increasing
D,GLU,238,GLY,3.342,-0.321,Decreasing
C,THR,244,SER,3.234,0.233,Increasing
D,TYR,85,PRO,3.281,-1.2,Decreasing
D,TYR,175,THR,3.049,-1.395,Decreasing
D,ILE,173,LEU,3.533,-0.405,Decreasing
C,GLU,409,GLY,4.313,-0.943,Decreasing
C,ARG,32,LYS,2.776,-1.601,Decreasing
D,LEU,47,SER,4.047,-0.835,Decreasing
D,ASN,167,HIS,4.855,0.154,Increasing
D,SER,242,TYR,4.758,-0.052,Decreasing
C,PHE,243,HIS,3.431,-0.767,Decreasing
C,PRO,412,ILE,3.194,-0.561,Decreasing
C,GLU,30,ASP,4.199,-0.849,Decreasing
C,TYR,27,HIS,3.153,-0.923,Decreasing
D,LYS,235,SER,3.903,-0.734,Decreasing
C,LEU,9,GLU,3.357,-1.534,Decreasing
D,PHE,103,ASP,3.443,-1.188,Decreasing
D,GLU,234,LYS,3.175,0.252,Increasing
C,LEU,33,ASN,2.215,-0.56,Decreasing
D,ILE,173,GLY,3.533,-0.752,Decreasing
D,LEU,93,THR,2.631,-0.56,Decreasing
C,GLU,409,LEU,4.313,-0.289,Decreasing
D,TRP,298,GLY,3.49,-1.597,Decreasing
D,TYR,164,GLU,4.01,-0.751,Decreasing
D,THR,169,ALA,4.36,-0.728,Decreasing
C,HIS,396,SER,3.368,0.552,Increasing
C,PRO,76,THR,3.522,-0.194,Decreasing
D,ILE,190,GLN,3.852,-0.467,Decreasing
D,ILE,196,ASN,3.388,-1.488,Decreasing
C,GLU,403,ARG,2.903,1.2,Increasing
C,TYR,27,CYS,3.153,-0.84,Decreasing
D,LYS,235,THR,3.903,-0.657,Decreasing
D,SER,242,MET,4.758,-0.163,Decreasing
C,LEU,33,GLU,2.215,-0.829,Decreasing
C,PHE,243,TYR,3.431,0.679,Increasing
D,GLU,238,TYR,3.342,0.448,Increasing
D,ILE,23,CYS,3.877,-1.047,Decreasing
D,LEU,93,MET,2.631,0.173,Increasing
C,LEU,399,LYS,3.323,-1.207,Decreasing
C,SER,246,ALA,4.846,-0.241,Decreasing
C,ALA,247,HIS,4.179,0.22,Increasing
D,LYS,62,LEU,3.691,-0.477,Decreasing
D,TRP,298,ASN,3.49,-1.134,Decreasing
D,TYR,164,LEU,4.01,-1.003,Decreasing
C,ASP,75,ARG,4.868,-0.427,Decreasing
C,ALA,405,LEU,2.837,0.317,Increasing
D,ILE,190,ASN,3.852,-0.447,Decreasing
D,ASP,99,ILE,3.755,-0.372,Decreasing
D,ILE,196,GLY,3.388,-1.694,Decreasing
C,GLU,30,VAL,4.199,-0.881,Decreasing
C,HIS,13,TRP,2.626,0.119,Increasing
C,CYS,8,PRO,3.495,-0.023,Decreasing
D,GLN,303,CYS,3.15,-0.508,Decreasing
D,GLN,56,VAL,2.364,-0.569,Decreasing
D,GLU,238,PRO,3.342,0.021,Increasing
D,LEU,33,ALA,3.866,-1.558,Decreasing
D,TYR,85,LYS,3.281,-1.146,Decreasing
D,ILE,66,PHE,3.715,0.092,Increasing
D,ILE,173,GLN,3.533,-0.329,Decreasing
D,ARG,176,GLY,3.78,-0.74,Decreasing
D,ILE,23,ASP,3.877,-1.258,Decreasing
D,ASN,191,MET,4.146,-0.48,Decreasing
D,LEU,93,PHE,2.631,0.794,Increasing
C,SER,246,HIS,4.846,0.122,Increasing
C,GLN,5,ARG,2.364,-0.209,Decreasing
D,THR,299,PRO,4.187,-0.461,Decreasing
C,GLU,409,ARG,4.313,-0.512,Decreasing
D,LEU,63,TRP,3.913,0.16,Increasing
D,ARG,267,TYR,1.196,-0.848,Decreasing
D,TRP,298,ILE,3.49,-1.385,Decreasing
D,GLU,269,THR,4.753,-0.589,Decreasing
D,TYR,164,TRP,4.01,0.511,Increasing
D,THR,169,TRP,4.36,0.373,Increasing
C,HIS,396,ALA,3.368,-0.515,Decreasing
D,ILE,190,GLY,3.852,-0.73,Decreasing
D,ASP,99,ASN,3.755,-0.581,Decreasing
D,PRO,95,SER,3.43,-0.806,Decreasing
D,GLN,231,SER,4.53,-0.348,Decreasing
C,GLU,30,GLN,4.199,-1.163,Decreasing
D,LYS,22,ARG,2.837,-0.643,Decreasing
D,LYS,235,PHE,3.903,0.06,Increasing
D,GLN,303,ASP,3.15,-0.602,Decreasing
C,LEU,33,SER,2.215,-0.538,Decreasing
C,ASP,75,ASN,4.868,-0.993,Decreasing
D,ILE,66,MET,3.715,-0.307,Decreasing
D,ARG,176,ASN,3.78,-0.192,Decreasing
D,ALA,306,PRO,4.046,-0.18,Decreasing
C,LEU,399,TYR,3.323,0.055,Increasing
C,GLN,5,LYS,2.364,-0.384,Decreasing
C,TYR,74,CYS,3.175,-1.629,Decreasing
C,GLU,29,PRO,2.535,-1.95,Decreasing
D,LEU,63,ASN,3.913,-0.825,Decreasing
D,GLU,269,SER,4.753,-0.873,Decreasing
C,HIS,396,PHE,3.368,0.074,Increasing
C,GLU,53,GLN,1.196,-0.353,Decreasing
D,ASP,99,TRP,3.755,0.225,Increasing
D,PHE,132,MET,3.357,-1.366,Decreasing
D,LYS,62,VAL,3.691,-0.544,Decreasing
C,HIS,13,ALA,2.626,-0.78,Decreasing
C,PHE,243,VAL,3.431,-0.876,Decreasing
D,LYS,302,TRP,2.208,-0.542,Decreasing
D,ASP,178,TYR,3.153,0.158,Increasing
D,PHE,11,TYR,3.625,-0.926,Decreasing
D,GLN,56,HIS,2.364,0.514,Increasing
D,LYS,83,TRP,3.702,-0.031,Decreasing
D,TYR,32,VAL,3.746,-1.654,Decreasing
D,GLU,177,ILE,2.776,-0.598,Decreasing
D,ILE,66,THR,3.715,-0.667,Decreasing
C,LEU,411,THR,2.208,-1.232,Decreasing
D,ARG,176,GLN,3.78,0.046,Increasing
D,ILE,23,VAL,3.877,-0.742,Decreasing
D,ALA,306,TRP,4.046,1.138,Increasing
C,LEU,399,PRO,3.323,-2.304,Decreasing
C,GLN,5,ASP,2.364,-0.445,Decreasing
C,SER,28,ASP,3.773,-0.519,Decreasing
D,LEU,63,GLU,3.913,-1.243,Decreasing
D,ARG,267,TRP,1.196,-0.745,Decreasing
C,TYR,74,ASN,3.175,-1.628,Decreasing
D,GLN,171,LYS,1.94,-0.514,Decreasing
D,LEU,92,TRP,3.719,-0.206,Decreasing
C,ALA,247,VAL,4.179,-0.047,Decreasing
D,VAL,20,GLY,2.615,0.078,Increasing
D,ASP,166,SER,2.626,-1.063,Decreasing
C,GLU,53,ASN,1.196,-0.302,Decreasing
D,PHE,132,THR,3.357,-0.907,Decreasing
D,LYS,62,GLN,3.691,0.079,Increasing
C,ALA,405,SER,2.837,0.5,Increasing
D,GLN,231,ALA,4.53,-0.494,Decreasing
D,LEU,58,CYS,4.696,-0.483,Decreasing
D,GLY,159,PHE,4.292,-0.311,Decreasing
C,SER,28,ALA,3.773,-0.579,Decreasing
D,ASP,178,PRO,3.153,-0.005,Decreasing
C,ASN,12,GLN,4.573,-0.358,Decreasing
D,PHE,11,ARG,3.625,-1.539,Decreasing
D,GLN,56,ALA,2.364,-0.616,Decreasing
D,LYS,83,HIS,3.702,-0.161,Decreasing
D,HIS,172,LYS,3.702,-0.194,Decreasing
C,LEU,411,MET,2.208,-1.137,Decreasing
D,ASN,191,PRO,4.146,-0.426,Decreasing
C,ASP,10,GLN,4.362,-0.626,Decreasing
D,THR,299,GLU,4.187,-0.5,Decreasing
C,MET,407,ILE,2.631,-0.976,Decreasing
D,ARG,267,LEU,1.196,-0.745,Decreasing
D,GLU,269,ALA,4.753,-1.394,Decreasing
D,LEU,92,ASN,3.719,-0.899,Decreasing
D,VAL,20,HIS,2.615,-0.595,Decreasing
D,GLU,234,ILE,3.175,-0.246,Decreasing
D,GLU,177,LEU,2.776,-0.592,Decreasing
D,MET,241,ALA,3.234,-1.143,Decreasing
C,ARG,404,ASP,3.232,-1.144,Decreasing
D,GLN,231,PHE,4.53,-0.118,Decreasing
D,PRO,174,LYS,4.06,-0.28,Decreasing
D,LYS,22,GLY,2.837,-1.181,Decreasing
D,GLY,159,MET,4.292,-0.85,Decreasing
D,LYS,302,ALA,2.208,-1.035,Decreasing
D,ASP,178,LYS,3.153,-0.656,Decreasing
D,PHE,11,LYS,3.625,-1.441,Decreasing
D,LYS,83,ALA,3.702,-0.643,Decreasing
D,TYR,32,ASP,3.746,-1.858,Decreasing
C,PHE,242,CYS,4.094,-1.033,Decreasing
D,ALA,306,GLU,4.046,0.804,Increasing
D,THR,299,LEU,4.187,-0.603,Decreasing
C,ARG,245,THR,3.479,-0.613,Decreasing
D,ARG,267,GLU,1.196,-0.594,Decreasing
D,PHE,268,LEU,2.937,-0.933,Decreasing
D,LEU,92,GLU,3.719,-1.202,Decreasing
D,LEU,100,GLY,3.712,-1.316,Decreasing
C,ASN,406,SER,4.539,0.151,Increasing
D,LYS,62,CYS,3.691,-0.597,Decreasing
D,MET,241,HIS,3.234,-0.589,Decreasing
C,TYR,410,GLU,2.554,-1.481,Decreasing
D,LYS,22,ASN,2.837,-0.537,Decreasing
D,GLY,159,THR,4.292,-0.86,Decreasing
D,LYS,302,HIS,2.208,-0.574,Decreasing
C,ILE,395,MET,3.386,-1.099,Decreasing
C,THR,413,LEU,3.15,-0.346,Decreasing
D,PHE,11,LEU,3.625,-1.968,Decreasing
D,TYR,59,PRO,3.226,-1.565,Decreasing
C,PHE,242,HIS,4.094,-1.005,Decreasing
C,LEU,411,CYS,2.208,-1.351,Decreasing
D,LYS,163,ALA,3.495,-0.909,Decreasing
D,ALA,306,LEU,4.046,0.199,Increasing
C,GLU,29,THR,2.535,-1.738,Decreasing
C,ARG,245,SER,3.479,-0.553,Decreasing
C,VAL,6,LYS,3.691,0.157,Increasing
C,LEU,402,ARG,2.615,-0.713,Decreasing
D,PHE,268,LYS,2.937,-0.769,Decreasing
C,ASP,10,MET,4.362,-0.274,Decreasing
C,ASN,406,THR,4.539,-0.819,Decreasing
D,LEU,58,ASN,4.696,-0.621,Decreasing
D,MET,241,SER,3.234,-1.045,Decreasing
C,ALA,405,ASN,2.837,0.501,Increasing
C,GLU,36,ILE,4.384,-0.456,Decreasing
D,PRO,174,GLU,4.06,0.321,Increasing
D,GLY,159,SER,4.292,-0.823,Decreasing
D,ARG,201,GLN,2.535,-0.722,Decreasing
C,TYR,74,GLN,3.175,-1.635,Decreasing
D,ASP,178,GLU,3.153,-0.582,Decreasing
D,PHE,11,GLU,3.625,-1.363,Decreasing
D,LEU,19,ILE,3.323,0.326,Increasing
D,LEU,33,PHE,3.866,0.686,Increasing
D,LEU,266,LYS,4.439,-0.436,Decreasing
D,TYR,59,LYS,3.226,-1.252,Decreasing
C,PHE,242,GLN,4.094,-1.005,Decreasing
D,LEU,33,ARG,3.866,-0.89,Decreasing
D,ILE,146,LYS,3.287,-0.584,Decreasing
D,ARG,201,LEU,2.535,-0.503,Decreasing
C,MET,407,TYR,2.631,0.036,Increasing
C,MET,407,GLN,2.631,-1.194,Decreasing
D,ARG,201,ASN,2.535,-0.604,Decreasing
C,ARG,52,GLU,4.432,1.414,Increasing
C,TYR,410,ARG,2.554,-1.079,Decreasing
D,LEU,19,ASN,3.323,-1.096,Decreasing
D,LYS,163,ARG,3.495,-0.154,Decreasing
D,GLY,94,ALA,4.163,-0.671,Decreasing
C,PHE,242,VAL,4.094,-1.066,Decreasing
D,ARG,168,LYS,4.573,-0.186,Decreasing
C,ARG,245,ALA,3.479,-0.595,Decreasing
C,SER,18,ASP,4.258,-0.323,Decreasing
D,LEU,194,CYS,3.335,-1.085,Decreasing
D,ALA,161,GLU,4.63,0.093,Increasing
C,ASP,11,VAL,4.799,-0.187,Decreasing
C,THR,413,PRO,3.15,-0.595,Decreasing
C,MET,407,PHE,2.631,-0.037,Decreasing
D,LEU,100,ARG,3.712,-0.701,Decreasing
D,CYS,150,GLY,3.194,-0.151,Decreasing
C,ASN,406,PHE,4.539,-0.142,Decreasing
C,THR,413,CYS,3.15,-0.424,Decreasing
D,PRO,174,TRP,4.06,1.032,Increasing
C,PHE,243,GLN,3.431,-0.459,Decreasing
D,PRO,95,CYS,3.43,-0.992,Decreasing
C,ILE,395,PRO,3.386,-1.699,Decreasing
C,GLU,29,ALA,2.535,-1.422,Decreasing
D,LEU,19,TRP,3.323,-0.447,Decreasing
D,LEU,266,TYR,4.439,-0.089,Decreasing
C,GLU,403,PRO,2.903,0.637,Increasing
D,TYR,59,GLU,3.226,-1.694,Decreasing
D,LYS,62,ASP,3.691,-0.863,Decreasing
C,LEU,402,THR,2.615,-0.849,Decreasing
D,ARG,168,PRO,4.573,-0.756,Decreasing
D,ALA,306,SER,4.046,0.02,Increasing
D,ILE,146,GLU,3.287,-0.323,Decreasing
C,ARG,17,ASN,1.94,-0.682,Decreasing
C,ASP,11,MET,4.799,-0.171,Decreasing
D,ARG,264,VAL,4.367,-0.395,Decreasing
C,PHE,408,CYS,2.899,-1.533,Decreasing
C,ALA,247,GLN,4.179,0.108,Increasing
C,GLU,36,VAL,4.384,-0.688,Decreasing
D,LEU,33,TYR,3.866,0.526,Increasing
D,ARG,165,LYS,3.853,-0.09,Decreasing
D,TYR,175,ILE,3.049,-1.608,Decreasing
C,VAL,14,ASP,2.896,-0.813,Decreasing
D,LEU,194,SER,3.335,-0.902,Decreasing
D,LEU,266,PRO,4.439,-0.464,Decreasing
D,GLN,171,GLU,1.94,-0.383,Decreasing
D,GLY,94,SER,4.163,-0.62,Decreasing
C,ASN,12,GLY,4.573,-0.593,Decreasing
D,LEU,33,ILE,3.866,-1.179,Decreasing
C,GLY,398,MET,4.348,-0.334,Decreasing
C,ARG,17,GLU,1.94,-0.848,Decreasing
D,ALA,161,SER,4.63,0.873,Increasing
D,ARG,264,MET,4.367,-0.125,Decreasing
C,PHE,408,HIS,2.899,-1.273,Decreasing
D,CYS,150,ILE,3.194,0.122,Increasing
D,PHE,103,TYR,3.443,0.107,Increasing
D,GLU,42,TRP,2.554,0.072,Increasing
C,ARG,52,THR,4.432,-0.945,Decreasing
C,ASP,75,PHE,4.868,0.175,Increasing
C,TYR,410,MET,2.554,-1.448,Decreasing
D,GLN,171,LEU,1.94,-0.612,Decreasing
C,ASN,15,LYS,2.902,-0.67,Decreasing
D,GLY,94,THR,4.163,-0.814,Decreasing
D,LEU,47,GLY,4.047,-1.017,Decreasing
C,ASN,12,HIS,4.573,-0.084,Decreasing
C,TRP,16,THR,4.06,-1.294,Decreasing
D,LEU,33,ASN,3.866,-1.429,Decreasing
D,ILE,146,TRP,3.287,-0.175,Decreasing
C,HIS,396,LYS,3.368,-0.249,Decreasing
D,ILE,66,ALA,3.715,-0.761,Decreasing
D,ARG,264,ASP,4.367,-0.622,Decreasing
C,LEU,9,GLN,3.357,-0.992,Decreasing
D,CYS,150,ARG,3.194,0.062,Increasing
D,PHE,103,PRO,3.443,-0.999,Decreasing
D,GLU,42,ASN,2.554,-0.92,Decreasing
C,TYR,410,ASN,2.554,-1.072,Decreasing
C,PRO,394,ILE,3.281,0.493,Increasing
D,GLY,147,ILE,4.616,-0.243,Decreasing
C,THR,244,ASP,3.234,-0.94,Decreasing
D,GLU,177,ALA,2.776,-0.906,Decreasing
D,TYR,175,GLY,3.049,-1.579,Decreasing
D,ARG,21,ILE,3.213,-0.775,Decreasing
D,LYS,62,MET,3.691,-0.721,Decreasing
D,LYS,163,ASN,3.495,-0.893,Decreasing
C,ASN,15,ARG,2.902,-0.769,Decreasing
C,ARG,32,THR,2.776,-1.752,Decreasing
C,LEU,402,CYS,2.615,-0.92,Decreasing
D,LEU,47,ASN,4.047,-0.875,Decreasing
D,LYS,163,PHE,3.495,0.351,Increasing
C,TRP,16,SER,4.06,-1.235,Decreasing
D,LYS,62,SER,3.691,-0.465,Decreasing
C,GLN,5,TRP,2.364,0.165,Increasing
C,PHE,243,GLY,3.431,-1.016,Decreasing
C,PRO,412,ASP,3.194,-0.266,Decreasing
D,ARG,264,CYS,4.367,-0.586,Decreasing
C,TYR,27,TRP,3.153,-0.425,Decreasing
D,SER,237,HIS,4.236,0.166,Increasing
C,LEU,9,HIS,3.357,-0.913,Decreasing
D,PHE,103,LYS,3.443,-0.938,Decreasing
D,GLU,42,ALA,2.554,-0.916,Decreasing
D,SER,242,GLN,4.758,-0.081,Decreasing
D,GLU,238,MET,3.342,-0.13,Decreasing
C,CYS,8,ALA,3.495,-0.186,Decreasing
C,THR,244,MET,3.234,0.695,Increasing
D,TYR,85,VAL,3.281,-1.137,Decreasing
C,VAL,6,CYS,3.691,-0.357,Decreasing
D,ARG,21,PRO,3.213,-0.964,Decreasing
C,VAL,14,SER,2.896,-0.514,Decreasing
C,ARG,32,MET,2.776,-1.599,Decreasing
D,LEU,47,ILE,4.047,0.127,Increasing
D,TRP,298,ARG,3.49,-1.263,Decreasing
D,THR,169,LEU,4.36,-0.609,Decreasing
C,PRO,76,ILE,3.522,-0.339,Decreasing
D,ILE,196,SER,3.388,-1.211,Decreasing
C,SER,246,ASN,4.846,-0.199,Decreasing
C,PRO,412,CYS,3.194,-0.317,Decreasing
C,TYR,27,ASN,3.153,-0.712,Decreasing
C,LEU,9,CYS,3.357,-1.358,Decreasing
C,VAL,6,PHE,3.691,0.348,Increasing
D,ARG,201,GLU,2.535,-0.631,Decreasing
D,GLU,234,GLN,3.175,-0.31,Decreasing
C,LEU,33,HIS,2.215,-0.545,Decreasing
D,GLU,238,ASP,3.342,0.659,Increasing
